{
  "format_version": "1.10.0",
  "minecraft:client_entity": {
    "description": {
      "identifier": "minecraft:chicken",
      "min_engine_version": "1.12.0",
      "materials": {
        "default": "entity_alphatest"
      },
      "textures": {
        "default": "textures/entity/chicken"
      },
      "geometry": {
        "default": "geometry.chicken"
      },
      "animations": {
        "walk": "animation.chicken.walk",
        "idle": "animation.chicken.idle",
        "look_at": "animation.chicken.look_at",
        "fly": "animation.chicken.fly",
        "swim": "animation.chicken.swim",
        "peck": "animation.chicken.peck",
        "blink": "animation.chicken.blink",
        
        "peck_controller": "controller.animation.chicken.peck",
        "move_controller": "controller.animation.chicken.move"
      },
      "scripts": {
        "animate": [
          "peck_controller",
          "move_controller",
          "blink",
          "look_at"
        ]
      },
      "render_controllers": [
        "controller.render.default"
      ],
      "spawn_egg": {
        "texture": "spawn_egg",
        "texture_index": 0
      }
    }
  }
}