{
  "format_version": "1.10.0",
  "minecraft:client_entity": {
    "description": {
      "identifier": "minecraft:cow",
      "min_engine_version": "1.8.0",
      "materials": { "default": "entity_alphatest" },
      "textures": {
        "default": "textures/entity/cow/cow_default"
      },
      "geometry": {
        "default": "geometry.cow"
      },
      "animations": {
        "run": "animation.cow.run",
        "walk": "animation.cow.walk",
        "idle": "animation.cow.idle",
        "blink": "animation.cow.blink",
        "float": "animation.cow.float",
        "look_at": "animation.cow.look_at",
        "landing": "animation.cow.landing",
        
        "move_controller": "controller.animation.cow.move",
        "landing_controller": "controller.animation.cow.landing"
      },
      "scripts": {
        "animate": [
          "landing_controller", 
          "move_controller",
          "look_at", 
          "blink"
        ],
        "pre_animation": [
          "v.smove = 0.0;"
        ]
      },
      "render_controllers": [ "controller.render.default" ],
      "spawn_egg": {
        "texture": "spawn_egg",
        "texture_index": 1
      }
    }
  }
}