{
  "format_version": "1.10.0",
  "minecraft:client_entity": {
    "description": {
      "identifier": "minecraft:creeper",
      "min_engine_version": "1.8.0",
      "materials": {
        "default": "entity_alphatest",
        "charged": "charged_creeper"
      },
      "textures": {
        "default": "textures/entity/creeper/creeper",
        "charged": "textures/entity/creeper/creeper_armor"
      },
      "geometry": {
        "default": "geometry.creeper",
        "charged": "geometry.creeper_charged"
      },
      "spawn_egg": {
        "texture": "spawn_egg",
        "texture_index": 6
      },
      "animations": {
        "run": "animation.creeper.run",
        "walk": "animation.creeper.walk",
        "idle": "animation.creeper.idle",
        "float": "animation.creeper.float",
        "explodes": "animation.creeper.explodes",
        "blink": "animation.creeper.blink",
        "look_at": "animation.creeper.look_at",
        "landing": "animation.cow.landing",
        
        "move_controller": "controller.animation.pig.move",
        "explodes_controller": "controller.animation.creeper.explodes",
        "landing_controller": "controller.animation.cow.landing"
      },
      "scripts": {
        "animate": [
          "landing_controller", 
          "move_controller",
          "explodes_controller",
          "look_at", 
          "blink"
        ]
      },
      "render_controllers": [ "controller.render.creeper", "controller.render.creeper_armor" ]
    }
  }
}