{
  "format_version": "1.10.0",
  "minecraft:client_entity": {
    "description": {
      "identifier": "minecraft:enderman",
      "min_engine_version": "1.8.0",
      "materials": {
        "default": "enderman"
      },
      "textures": {
        "default": "textures/entity/enderman/enderman"
      },
      "geometry": {
        "default": "geometry.enderman"
      },
      "scripts": {
        "animate": [
          "idle",
          "walk",
          "look_at",
          
          "angry_controller",
          "landing_controller",
          "carrying_controller"
        ]
      },
      "animations": {
        "look_at": "animation.enderman.look_at",
        "idle": "animation.enderman.idle",
        "walk": "animation.enderman.walk",
        "angry": "animation.enderman.angry",
        "attack": "animation.enderman.attack",
        "landing": "animation.enderman.landing",
        "carrying": "animation.enderman.carrying",

        "angry_controller": "controller.animation.enderman.angry",
        "landing_controller": "controller.animation.cow.landing",
        "carrying_controller": "controller.animation.enderman.carrying"
      },
      "render_controllers": [ "controller.render.default" ],
      "spawn_egg": {
        "texture": "spawn_egg",
        "texture_index": 7
      }
    }
  }
}