{
  "format_version": "1.10.0",
  "minecraft:client_entity": {
    "description": {
      "identifier": "minecraft:evocation_illager",
      "min_engine_version": "1.8.0",
      "materials": {
        "default": "entity_alphatest"
      },
      "textures": {
        "default": "textures/entity/illager/evoker"
      },
      "geometry": {
        "default": "geometry.evoker"
      },
      "scripts": {
        "scale": "0.9375",
        "pre_animation": [
          "v.eye_random1 = math.round(math.sin(q.life_time*42))/10;",
          "v.eye_random2 = math.round(math.cos(q.life_time*35))/10;"
        ],
        "animate": [
          "angry_controller",
          "landing_controller",
          "move_controller",
          "nose_yaw_controller",
          "look_at",
          "blink",
          "evoker_controller"
        ]
      },
      "animations": {
        "look_at": "animation.evoker.look_at",
        "walk": "animation.evoker.walk",
        "run": "animation.evoker.run",
        "idle": "animation.evoker.idle",
        "casting": "animation.evoker.casting",
        "angry": "animation.pillager.angry",
        "nose_yaw": "animation.villager.nose_yaw",
        "blink": "animation.villager.blink",
        "celebrating": "animation.pillager.celebrating",
        "swim": "animation.villager.swim",
        "landing": "animation.pillager.landing",

        "evoker_controller": "controller.animation.evoker",
        "move_controller": "controller.animation.villager.move",
        "angry_controller": "controller.animation.pillager.angry",
        "landing_controller": "controller.animation.cow.landing",
        "nose_yaw_controller": "controller.animation.villager.nose_yaw"
      },
      "particle_effects": {
        "spell": "minecraft:evoker_spell"
      },
      "render_controllers": [
        "controller.render.evoker"
      ],
      "spawn_egg": {
        "texture": "spawn_egg",
        "texture_index": 40
      }
    }
  }
}