{
  "format_version": "1.10.0",
  "minecraft:client_entity": {
      "description": {
          "identifier": "minecraft:horse",
          "min_engine_version": "1.2.6",
          "materials": {
              "default": "horse_leather_armor"
          },
          "textures": {
              "base_brown": "textures/entity/horse2/horse_brown",
              "base_white": "textures/entity/horse2/horse_white",
              "base_creamy": "textures/entity/horse2/horse_creamy",
              "base_chestnut": "textures/entity/horse2/horse_chestnut",
              "base_black": "textures/entity/horse2/horse_black",
              "base_gray": "textures/entity/horse2/horse_gray",
              "base_darkbrown": "textures/entity/horse2/horse_darkbrown",
              "markings_none": "textures/entity/horse2/horse_markings_none",
              "markings_white": "textures/entity/horse2/horse_markings_white",
              "markings_whitefield": "textures/entity/horse2/horse_markings_whitefield",
              "markings_whitedots": "textures/entity/horse2/horse_markings_whitedots",
              "markings_blackdots": "textures/entity/horse2/horse_markings_blackdots",
              "armor_none": "textures/entity/horse2/armor/horse_armor_none",
              "armor_leather": "textures/entity/horse2/armor/horse_armor_leather",
              "armor_iron": "textures/entity/horse2/armor/horse_armor_iron",
              "armor_gold": "textures/entity/horse2/armor/horse_armor_gold",
              "armor_diamond": "textures/entity/horse2/armor/horse_armor_diamond"
          },
          "geometry": {
              "default": "geometry.horse"
          },
          "animations": {
              "run": "animation.horse.run",
              "grazing": "animation.horse.ear",
              "rear": "animation.horse.rear",
              "walk": "animation.horse.walk",
              "idle": "animation.horse.idle",
              "blink": "animation.cow.blink",
              "float": "animation.horse.float",
              "look_at": "animation.horse.look_at",
              "landing": "animation.horse.landing",
              "move_controller": "controller.animation.cow.move",
              "grazing_controller": "controller.animation.sheep.grazing",
              "rear_controller": "controller.animation.horse.rear",
              "landing_controller": "controller.animation.cow.landing"
          },
          "scripts": {
              "animate": [
                  "landing_controller",
                  "move_controller",
                  "grazing_controller",
                  "look_at",
                  "rear_controller",
                  "blink"
              ]
          },
          "render_controllers": [
              "controller.render.horse.v3"
          ],
          "spawn_egg": {
              "texture": "spawn_egg",
              "texture_index": 23
          }
       }
    }
}