{
  "format_version": "1.10.0",
  "minecraft:client_entity": {
    "description": {
      "identifier": "minecraft:husk",
      "min_engine_version": "1.8.0",
      "materials": {
        "default": "zombie"
      },
      "textures": {
        "default": "textures/entity/zombie/husk"
      },
      "geometry": {
        "default": "geometry.zombie"
      },
      "spawn_egg": {
        "texture": "spawn_egg",
        "texture_index": 28
      },
      "scripts": {
        "animate": [
          "landing_controller", 
          "move_controller",
          "look_at", 
          {"idle": "!q.is_riding"},
          "attack_controller"
        ]
      },
      "animations": {
        "look_at": "animation.zombie.look_at",
        "walk": "animation.zombie.walk",
        "run": "animation.zombie.run",
        "idle": "animation.zombie.idle",
        "attack": "animation.zombie.attack",
        "landing": "animation.zombie.landing",
        
        "move_controller": "controller.animation.zombie.move",
        "attack_controller": "controller.animation.zombie.attack",
        "landing_controller": "controller.animation.cow.landing"
      },
      "render_controllers": [ "controller.render.default" ],
      "enable_attachables": true
    }
  }
}
