{
  "format_version": "1.10.0",
  "minecraft:client_entity": {
    "description": {
      "identifier": "minecraft:iron_golem",
      "materials": {
        "default": "iron_golem"
      },
      "textures": {
        "default": "textures/entity/iron_golem/iron_golem",
        "cracked_high": "textures/entity/iron_golem/cracked_high",
        "cracked_med": "textures/entity/iron_golem/cracked_medium",
        "cracked_low": "textures/entity/iron_golem/cracked_low",
        "cracked_none": "textures/entity/iron_golem/cracked_none"
      },
      "geometry": {
        "default": "geometry.irongolem"
      },
      "animations": {
        "walk": "animation.irongolem.walk",
        "idle": "animation.irongolem.idle",
        "attack": "animation.irongolem.attack",
        "flower": "animation.irongolem.flower",
        "nose_yaw": "animation.villager.nose_yaw",
        "look_at": "animation.irongolem.look_at",

        "arms_controller": "controller.animation.irongolem.arms",
        "nose_yaw_controller": "controller.animation.villager.nose_yaw"
      },
      "render_controllers": [
        "controller.render.iron_golem",
        "controller.render.iron_golem_cracks"
      ],
      "scripts": {
        "pre_animation": [
          "v.eye_random1 = math.round(math.sin(q.life_time*42))/10;",
          "v.eye_random2 = math.round(math.cos(q.life_time*35))/10;"
        ],
        "animate": [
          "look_at",
          "walk",
          "idle",
          "arms_controller",
          "nose_yaw_controller"
        ]
      },
      "spawn_egg": {
        "base_color": "#dbcdc2",
        "overlay_color": "#74a332"
      }
    }
  }
}