{
  "format_version": "1.10.0",
  "minecraft:client_entity": {
    "description": {
      "identifier": "minecraft:pig",
      "min_engine_version": "1.8.0",
      "materials": { "default": "entity_alphatest" },
      "textures": {
        "default": "textures/entity/pig/pig",
        "saddled": "textures/entity/pig/pig_saddle"
      },
      "geometry": {
        "default": "geometry.pig"
      },
      "animations": {
        "run": "animation.pig.run",
        "walk": "animation.pig.walk",
        "idle": "animation.pig.idle",
        "float": "animation.pig.float",
        "grunt": "animation.pig.grunt",
        
        "blink": "animation.cow.blink",
        "look_at": "animation.cow.look_at",
        "landing": "animation.cow.landing",
        
        "move_controller": "controller.animation.pig.move",
        "landing_controller": "controller.animation.cow.landing"
      },
      "scripts": {
        "animate": [
          "landing_controller", 
          "move_controller",
          "look_at", 
          "grunt",
          "blink"
        ]
      },
      "render_controllers": [ "controller.render.pig" ],
      "spawn_egg": {
        "texture": "spawn_egg",
        "texture_index": 2
      }
    }
  }
}
