{
  "format_version": "1.10.0",
  "minecraft:client_entity": {
    "description": {
      "identifier": "minecraft:pillager",
      "materials": {
        "default": "pillager"
      },
      "textures": {
        "default": "textures/entity/illager/pillager"
      },
      "geometry": {
        "default": "geometry.pillager"
      },
      "spawn_egg": {
        "texture": "spawn_egg",
        "texture_index": 56
      },
      "scripts": {
        "scale": "0.9375",
        "pre_animation": [
          "v.eye_random1 = math.round(math.sin(q.life_time*42))/10;",
          "v.eye_random2 = math.round(math.cos(q.life_time*35))/10;"
        ],
        "animate": [
          "attack_controller",
          "angry_controller",
          "landing_controller",
          "move_controller",
          "nose_yaw_controller",
          "look_at",
          "blink",
          "celebrating_controller"
        ]
      },
      "animations": {
        "look_at": "animation.pillager.look_at",
        "walk": "animation.pillager.walk",
        "run": "animation.pillager.run",
        "idle": "animation.pillager.idle",
        "hold_crossbow": "animation.pillager.hold_crossbow",
        "charge_crossbow": "animation.pillager.charge_crossbow",
        "angry": "animation.pillager.angry",
        "nose_yaw": "animation.villager.nose_yaw",
        "blink": "animation.villager.blink",
        "celebrating": "animation.pillager.celebrating",
        "aiming": "animation.pillager.aiming",
        "swim": "animation.pillager.swim",
        "landing": "animation.pillager.landing",

        "celebrating_controller": "controller.animation.pillager.celebrating",
        "attack_controller": "controller.animation.pillager.attack",
        "move_controller": "controller.animation.pillager.move",
        "angry_controller": "controller.animation.pillager.angry",
        "landing_controller": "controller.animation.cow.landing",
        "nose_yaw_controller": "controller.animation.villager.nose_yaw"
      },
      "render_controllers": [
        "controller.render.pillager"
      ],
      "enable_attachables": true,
      "hide_armor": true
    }
  }
}