{
  "format_version": "1.10.0",
  "minecraft:client_entity": {
    "description": {
      "identifier": "minecraft:ravager",
      "textures": {
        "default": "textures/entity/illager/ravager"
      },
      "materials": {
        "default": "ravager"
      },
      "geometry": {
        "default": "geometry.ravager"
      },
      "render_controllers": [
        "controller.render.ravager"
      ],
      "spawn_egg": {
        "texture": "spawn_egg",
        "texture_index": 57
      },
      "animations": {
        "walk": "animation.ravager.walk",
        "look_at": "animation.ravager.look_at",
        "run": "animation.ravager.run",
        "stunned": "animation.ravager.stunned",
        "roar": "animation.ravager.roar",
        "bite": "animation.ravager.bite",
        "nose_yaw": "animation.villager.nose_yaw",
        "blink": "animation.ravager.blink",
        "idle": "animation.ravager.idle",

        "head_controller": "controller.animation.ravager.head",
        "move_controller": "controller.animation.ravager.move",
        "nose_yaw_controller": "controller.animation.villager.nose_yaw"
      },
      "scripts": {
        "pre_animation": [
          "v.eye_random1 = math.round(math.sin(q.life_time*42))/7.5;",
          "v.eye_random2 = math.round(math.cos(q.life_time*35))/7.5;"
        ],
        "animate": [
          "head_controller",
          "move_controller",
          "nose_yaw_controller",
          "blink",
          "look_at"
        ]
      },
      "particle_effects": {
        "stun_particles": "minecraft:stunned_emitter"
      }
    }
  }
}