{
  "format_version": "1.10.0",
  "minecraft:client_entity": {
    "description": {
      "identifier": "minecraft:sheep",
      "min_engine_version": "1.8.0",
      "materials": {
        "wool": "entity_alphatest_change_color",
        "skin": "entity_alphatest"
      },
      "textures": {
        "skin": "textures/entity/sheep/sheep_skin",
        "wool": "textures/entity/sheep/sheep_wool"
      },
      "geometry": {
        "default": "geometry.sheep"
      },
      "animations": {
        "run": "animation.cow.run",
        "grazing": "animation.sheep.grazing",
        "dry_wool": "animation.sheep.dry_wool",
        "wet_wool": "animation.sheep.wet_wool",
        "walk": "animation.cow.walk",
        "idle": "animation.cow.idle",
        "blink": "animation.cow.blink",
        "float": "animation.cow.float",
        "look_at": "animation.cow.look_at",
        "landing": "animation.cow.landing",
        
        "move_controller": "controller.animation.cow.move",
        "grazing_controller": "controller.animation.sheep.grazing",
        "wool_controller": "controller.animation.sheep.wool",
        "landing_controller": "controller.animation.cow.landing"
      },
      "scripts": {
        "animate": [
          "landing_controller", 
          "move_controller",
          "grazing_controller",
          "look_at", 
          "wool_controller",
          "blink"
        ],
        "pre_animation": [
          "v.smove = 0.025;"
        ]
      },
      "render_controllers": [ 
        "controller.render.sheep_skin",
        "controller.render.sheep_wool"
      ],
      "spawn_egg": {
        "texture": "spawn_egg",
        "texture_index": 3
      }
    }
  }
}
