{
  "format_version": "1.10.0",
  "minecraft:client_entity": {
    "description": {
      "identifier": "minecraft:skeleton_horse",
      "min_engine_version": "1.2.6",
      "materials": {
        "default": "horse"
      },
      "textures": {
        "default": "textures/entity/horse2/horse_skeleton",
        "markings_none": "textures/entity/horse2/horse_markings_none",
        "armor_none": "textures/entity/horse2/armor/horse_armor_none"
      },
      "geometry": {
              "default": "geometry.horse"
          },
          "animations": {
              "run": "animation.horse.run",
              "grazing": "animation.horse.grazing",
              "rear": "animation.horse.rear",
              "walk": "animation.horse.walk",
              "idle": "animation.horse.idle",
              "blink": "animation.cow.blink",
              "float": "animation.horse.float",
              "look_at": "animation.horse.look_at",
              "landing": "animation.horse.landing",
              "move_controller": "controller.animation.cow.move",
              "grazing_controller": "controller.animation.sheep.grazing",
              "rear_controller": "controller.animation.horse.rear",
              "landing_controller": "controller.animation.cow.landing"
          },
          "scripts": {
              "animate": [
                  "landing_controller",
                  "move_controller",
                  "grazing_controller",
                  "look_at",
                  "rear_controller",
                  "blink"
              ]
          },
      "render_controllers": [ "controller.render.default_horse.v3" ],
      "spawn_egg": {
        "texture": "spawn_egg",
        "texture_index": 32
      }
    }
  }
}