{
  "format_version": "1.10.0",
  "minecraft:client_entity": {
    "description": {
      "identifier": "minecraft:skeleton",
      "min_engine_version": "1.8.0",
      "materials": {
        "default": "skeleton"
      },
      "textures": {
        "default": "textures/entity/skeleton/skeleton"
      },
      "geometry": {
        "default": "geometry.skeleton"
      },
      "spawn_egg": {
        "texture": "spawn_egg",
        "texture_index": 9
      },
      "scripts": {
        "animate": [
          "landing_controller", 
          "move_controller",
          "look_at", 
          {"idle": "!q.is_riding"},
          "attack_controller"
        ]
      },
      "animations": {
        "look_at": "animation.zombie.look_at",
        "walk": "animation.skeleton.walk",
        "run": "animation.skeleton.run",
        "idle": "animation.skeleton.idle",
        "charge_bow": "animation.skeleton.charge_bow",
        "landing": "animation.zombie.landing",
        
        "move_controller": "controller.animation.skeleton.move",
        "attack_controller": "controller.animation.skeleton.attack",
        "landing_controller": "controller.animation.cow.landing"
      },
      "render_controllers": [ "controller.render.skeleton" ],
      "enable_attachables": true
    }
  }
}
