{
  "format_version": "1.10.0",
  "minecraft:client_entity": {
    "description": {
      "identifier": "minecraft:trader_llama",
      "materials": { "default": "entity_multitexture_alpha_test" },
      "textures": {
        "creamy": "textures/entity/llama/llama_creamy",
        "white": "textures/entity/llama/llama_white",
        "brown": "textures/entity/llama/llama_brown",
        "gray": "textures/entity/llama/llama_gray",
        "decor_none": "textures/entity/llama/decor/decor_none",
        "decor_white": "textures/entity/llama/decor/decor_white",
        "decor_orange": "textures/entity/llama/decor/decor_orange",
        "decor_magenta": "textures/entity/llama/decor/decor_magenta",
        "decor_light_blue": "textures/entity/llama/decor/decor_light_blue",
        "decor_yellow": "textures/entity/llama/decor/decor_yellow",
        "decor_lime": "textures/entity/llama/decor/decor_lime",
        "decor_pink": "textures/entity/llama/decor/decor_pink",
        "decor_gray": "textures/entity/llama/decor/decor_gray",
        "decor_silver": "textures/entity/llama/decor/decor_silver",
        "decor_cyan": "textures/entity/llama/decor/decor_cyan",
        "decor_purple": "textures/entity/llama/decor/decor_purple",
        "decor_blue": "textures/entity/llama/decor/decor_blue",
        "decor_brown": "textures/entity/llama/decor/decor_brown",
        "decor_green": "textures/entity/llama/decor/decor_green",
        "decor_red": "textures/entity/llama/decor/decor_red",
        "decor_black": "textures/entity/llama/decor/decor_black",
        "decor_wandering_trader": "textures/entity/llama/decor/trader_llama_decor"
      },
      "geometry": {
        "default": "geometry.llama"
      },
      "animations": {
        "run": "animation.llama.run",
        "walk": "animation.cow.walk",
        "idle": "animation.cow.idle",
        "blink": "animation.chicken.blink",
        "float": "animation.cow.float",
        "look_at": "animation.llama.look_at",
        "landing": "animation.cow.landing",
        "ear_right": "animation.llama.ear_right",
        "ear_left": "animation.llama.ear_left",
        
        "move_controller": "controller.animation.cow.move",
        "landing_controller": "controller.animation.cow.landing"
      },
      "scripts": {
        "animate": [
          "landing_controller", 
          "move_controller",
          "look_at", 
          "ear_right",
          "ear_left",
          "blink"
        ],
        "pre_animation": [
          "v.smove = 0.0;"
        ]
      },
      "render_controllers": [ "controller.render.llama" ],
      "spawn_egg": {
        "base_color": "#eaa430",
        "overlay_color": "#456296"
      }
    }
  }
}
