{
  "format_version": "1.10.0",
  "minecraft:client_entity": {
    "description": {
      "identifier": "minecraft:villager_v2",
      "materials": {
        "default": "villager_v2",
        "masked": "villager_v2_masked"
      },
      "textures": {
        "base": "textures/entity/villager2/villager",
        
        "desert": "textures/entity/villager2/biomes/biome_desert",
        "jungle": "textures/entity/villager2/biomes/biome_jungle",
        "plains": "textures/entity/villager2/biomes/biome_plains",
        "savanna": "textures/entity/villager2/biomes/biome_savanna",
        "snow": "textures/entity/villager2/biomes/biome_snow",
        "swamp": "textures/entity/villager2/biomes/biome_swamp",
        "taiga": "textures/entity/villager2/biomes/biome_taiga",
        
        "armorer": "textures/entity/villager2/professions/armorer",
        "butcher": "textures/entity/villager2/professions/butcher",
        "cartographer": "textures/entity/villager2/professions/cartographer",
        "cleric": "textures/entity/villager2/professions/cleric",
        "farmer": "textures/entity/villager2/professions/farmer",
        "fisherman": "textures/entity/villager2/professions/fisherman",
        "fletcher": "textures/entity/villager2/professions/fletcher",
        "leatherworker": "textures/entity/villager2/professions/leatherworker",
        "librarian": "textures/entity/villager2/professions/librarian",
        "shepherd": "textures/entity/villager2/professions/shepherd",
        "tool_smith": "textures/entity/villager2/professions/toolsmith",
        "weapon_smith": "textures/entity/villager2/professions/weaponsmith",
        "stonemason": "textures/entity/villager2/professions/stonemason",
        "nitwit": "textures/entity/villager2/professions/nitwit",
        "unskilled": "textures/entity/villager2/professions/unskilled",
        
        "level_stone": "textures/entity/villager2/levels/level_stone",
        "level_iron": "textures/entity/villager2/levels/level_iron",
        "level_gold": "textures/entity/villager2/levels/level_gold",
        "level_emerald": "textures/entity/villager2/levels/level_emerald",
        "level_diamond": "textures/entity/villager2/levels/level_diamond"
      },
      "geometry": {
        "default": "geometry.villager"
      },
      "scripts": {
        "scale": "0.9375",
        "pre_animation": [
          "variable.num_professions = 15;",
          "variable.num_tiers = 3;",
          "variable.profession_index = (query.variant < variable.num_professions ? query.variant : 0);",
          "variable.level_index = query.trade_tier;",
          "v.eye_random1 = math.round(math.sin(q.life_time*42))/10;",
          "v.eye_random2 = math.round(math.cos(q.life_time*35))/10;"
        ],
        "animate": [
          "nose_yaw_controller",
          "panic_controller",
          "landing_controller",
          "move_controller",
          
          {"look_at": "!q.is_sleeping"},
          "raise_arms",
          {"blink": "!q.is_sleeping"}
        ]
      },
      "animations": {
        "idle": "animation.villager.idle",
        "look_at": "animation.villager.look_at",
        "walk": "animation.villager.walk",
        "raise_arms": "animation.villager.raise_arms",
        "run": "animation.villager.run",
        "landing": "animation.villager.landing",
        "blink": "animation.villager.blink",
        "panic": "animation.villager.panic",
        "nose_yaw": "animation.villager.nose_yaw",
        "swim": "animation.villager.swim",
        "sleep": "animation.villager.sleep",
        
        "move_controller": "controller.animation.villager.move",
        "panic_controller": "controller.animation.villager.panic",
        "landing_controller": "controller.animation.cow.landing",
        "nose_yaw_controller": "controller.animation.villager.nose_yaw"
      },
      "render_controllers": [
        "controller.render.villager_v2_base",
        "controller.render.villager_v2_masked",
        "controller.render.villager_v2_level"
      ],
      "spawn_egg": {
        "texture": "spawn_egg",
        "texture_index": 14
      }
    }
  }
}