{
  "format_version": "1.10.0",
  "minecraft:client_entity": {
    "description": {
      "identifier": "minecraft:vindicator",
      "min_engine_version": "1.8.0",
      "materials": {
        "default": "vindicator"
      },
      "textures": {
        "default": "textures/entity/illager/vindicator"
      },
      "geometry": {
        "default": "geometry.evoker"
      },
      "scripts": {
        "scale": "0.9375",
        "pre_animation": [
          "v.eye_random1 = math.round(math.sin(q.life_time*42))/10;",
          "v.eye_random2 = math.round(math.cos(q.life_time*35))/10;"
        ],
        "animate": [
          "angry_controller",
          "landing_controller",
          "move_controller",
          "nose_yaw_controller",
          "look_at",
          "blink",
          "attack_controller",
          "celebrating_controller"
        ]
      },
      "animations": {
        "look_at": "animation.vindicator.look_at",
        "walk": "animation.vindicator.walk",
        "run": "animation.vindicator.run",
        "idle": "animation.pillager.idle",
        "attack": "animation.vindicator.attack",
        "raise_axe": "animation.vindicator.raise_axe",
        "angry": "animation.pillager.angry",
        "nose_yaw": "animation.villager.nose_yaw",
        "blink": "animation.villager.blink",
        "celebrating": "animation.pillager.celebrating",
        "swim": "animation.villager.swim",
        "landing": "animation.pillager.landing",

        "celebrating_controller": "controller.animation.pillager.celebrating",
        "move_controller": "controller.animation.pillager.move",
        "attack_controller": "controller.animation.vindicator.attack",
        "angry_controller": "controller.animation.pillager.angry",
        "landing_controller": "controller.animation.cow.landing",
        "nose_yaw_controller": "controller.animation.villager.nose_yaw"
      },
      "render_controllers": [
        "controller.render.vindicator"
      ],
      "enable_attachables": true,
      "hide_armor": true
    }
  }
}