{
  "format_version": "1.10.0",
  "minecraft:client_entity": {
    "description": {
      "identifier": "minecraft:wandering_trader",
      "materials": {
        "default": "wandering_trader"
      },
      "textures": {
        "default": "textures/entity/villager2/wandering_trader"
      },
      "geometry": {
        "default": "geometry.villager"
      },
      "scripts": {
        "scale": "0.9375",
        "pre_animation": [
          "v.eye_random1 = math.round(math.sin(q.life_time*42))/10;",
          "v.eye_random2 = math.round(math.cos(q.life_time*35))/10;"
        ],
        "animate": [
          "nose_yaw_controller",
          "panic_controller",
          "landing_controller",
          "move_controller",
          
          "look_at",
          "raise_arms",
          {"blink": "!q.is_sleeping"}
        ]
      },
      "animations": {
        "idle": "animation.villager.idle",
        "look_at": "animation.villager.look_at",
        "walk": "animation.villager.walk",
        "raise_arms": "animation.villager.raise_arms",
        "run": "animation.villager.run",
        "landing": "animation.villager.landing",
        "blink": "animation.villager.blink",
        "panic": "animation.villager.panic",
        "nose_yaw": "animation.villager.nose_yaw",
        "swim": "animation.villager.swim",
        "sleep": "animation.villager.sleep",
        
        "move_controller": "controller.animation.villager.move",
        "panic_controller": "controller.animation.villager.panic",
        "landing_controller": "controller.animation.cow.landing",
        "nose_yaw_controller": "controller.animation.villager.nose_yaw"
      },
      "render_controllers": [
        "controller.render.wandering_trader"
      ],
      "spawn_egg": {
        "texture": "spawn_egg_wandering_trader"
      }
    }
  }
}