{
  "format_version": "1.10.0",
  "minecraft:client_entity": {
    "description": {
      "identifier": "minecraft:witch",
      "min_engine_version": "1.16.0",
      "materials": {
        "default": "entity_alphatest"
      },
      "textures": {
        "default": "textures/entity/witch"
      },
      "geometry": {
        "default": "geometry.witch"
      },
      "scripts": {
        "scale": "0.9375",
        "pre_animation": [
          "v.eye_random1 = math.round(math.sin(q.life_time*42))/10;",
          "v.eye_random2 = math.round(math.cos(q.life_time*35))/10;"
        ],
        "animate": [
          "nose_yaw_controller",
          "panic_controller",
          "landing_controller",
          "witch_controller",
          "move_controller",
          
          "look_at",
          {"blink": "!q.is_sleeping"}
        ] 
      },
      "animations": {
        "idle": "animation.evoker.idle",
        "look_at": "animation.villager.look_at",
        "walk": "animation.evoker.walk",
        "run": "animation.evoker.run",
        "landing": "animation.villager.landing",
        "blink": "animation.villager.blink",
        "panic": "animation.villager.panic",
        "nose_yaw": "animation.villager.nose_yaw",
        "swim": "animation.villager.swim",

        "drink": "animation.witch.drink",
        "throw": "animation.witch.throw",
        
        "move_controller": "controller.animation.villager.move",
        "panic_controller": "controller.animation.villager.panic",
        "witch_controller": "controller.animation.witch",
        "landing_controller": "controller.animation.cow.landing",
        "nose_yaw_controller": "controller.animation.villager.nose_yaw"
      },
      "render_controllers": [ "controller.render.witch" ],
      "spawn_egg": {
        "texture": "spawn_egg",
        "texture_index": 17
      }
    }
  }
}