{
  "format_version": "1.10.0",
  "minecraft:client_entity": {
    "description": {
      "identifier": "minecraft:zombie_villager_v2",
      "materials": {
        "default": "zombie_villager_v2",
        "masked": "zombie_villager_v2_masked"
      },
      "textures": {
        "default": "textures/entity/villager2/zombie_villager",
        "desert": "textures/entity/zombie_villager2/biomes/biome-desert-zombie",
        "jungle": "textures/entity/zombie_villager2/biomes/biome-jungle-zombie",
        "plains": "textures/entity/zombie_villager2/biomes/biome-plains-zombie",
        "savanna": "textures/entity/zombie_villager2/biomes/biome-savanna-zombie",
        "snow": "textures/entity/zombie_villager2/biomes/biome-snow-zombie",
        "swamp": "textures/entity/zombie_villager2/biomes/biome-swamp-zombie",
        "taiga": "textures/entity/zombie_villager2/biomes/biome-taiga-zombie",
        "armorer": "textures/entity/zombie_villager2/professions/armorer",
        "butcher": "textures/entity/zombie_villager2/professions/butcher",
        "cartographer": "textures/entity/zombie_villager2/professions/cartographer",
        "cleric": "textures/entity/zombie_villager2/professions/cleric",
        "farmer": "textures/entity/zombie_villager2/professions/farmer",
        "fisherman": "textures/entity/zombie_villager2/professions/fisherman",
        "fletcher": "textures/entity/zombie_villager2/professions/fletcher",
        "leatherworker": "textures/entity/zombie_villager2/professions/leatherworker",
        "librarian": "textures/entity/zombie_villager2/professions/librarian",
        "shepherd": "textures/entity/zombie_villager2/professions/shepherd",
        "tool_smith": "textures/entity/zombie_villager2/professions/toolsmith",
        "weapon_smith": "textures/entity/zombie_villager2/professions/weaponsmith",
        "stonemason": "textures/entity/zombie_villager2/professions/stonemason",
        "nitwit": "textures/entity/zombie_villager2/professions/nitwit",
        "unskilled": "textures/entity/zombie_villager2/professions/unskilled"
      },
      "geometry": {
        "default": "geometry.zombie_villager"
      },
      "scripts": {
        "pre_animation": [
          "variable.num_professions = 15;",
          "variable.profession_index = ((query.variant < variable.num_professions) ? query.variant : 0);",
          "v.eye_random1 = math.round(math.sin(q.life_time*42))/10;",
          "v.eye_random2 = math.round(math.cos(q.life_time*35))/10;"
        ],
        "animate": [
          "nose_yaw_controller",
          "attack_controller",
          "landing_controller",
          "move_controller",
          
          "look_at",
          "blink",
          {"idle": "!q.is_riding"}
        ]
      },
      "animations": {
        "look_at": "animation.zombie_villager.look_at",
        "walk": "animation.zombie_villager.walk",
        "run": "animation.zombie_villager.run",
        "idle": "animation.zombie_villager.idle",
        "attack": "animation.zombie.attack",
        "landing": "animation.zombie.landing",
        "blink": "animation.villager.blink",
        "nose_yaw": "animation.villager.nose_yaw",
        
        "move_controller": "controller.animation.zombie.move",
        "attack_controller": "controller.animation.zombie.attack",
        "landing_controller": "controller.animation.cow.landing",
        "nose_yaw_controller": "controller.animation.villager.nose_yaw"
      },
      "render_controllers": [
        "controller.render.zombie_villager_v2_base",
        "controller.render.zombie_villager_v2_masked"
      ],
      "enable_attachables": true,
      "spawn_egg": {
        "texture": "spawn_egg",
        "texture_index": 42
      }
    }
  }
}