{
  "format_version": "1.8.0",
  "render_controllers": {
    "controller.render.creeper": {
      "geometry": "Geometry.default",
      "materials": [ { "*": "Material.default" } ],
      "textures": [ "Texture.default" ],
      "overlay_color": {
          "r": "((v.flash == 0.0) || (q.swelling_dir < 0.0)) ? this : 1.0",
          "g": "((v.flash == 0.0) || (q.swelling_dir < 0.0)) ? this : 1.0",
          "b": "((v.flash == 0.0) || (q.swelling_dir < 0.0)) ? this : 1.0",
          "a": "((v.flash == 0.0) || (q.swelling_dir < 0.0)) ? this : 1.5"
      }
    }
  }
}
