{
  "format_version": "1.8.0",
  "render_controllers": {
    "controller.render.default_horse.v3": {
      "part_visibility": [
        { "saddle0": "q.is_saddled" },
        { "bridle": "q.is_saddled" },
        { "reins" : "q.is_saddled && q.has_rider" },
        { "chests" : false },
        { "mule_ear*" : false}
      ],
      "geometry": "Geometry.default",
      "materials": [
        { "*": "Material.default" }
      ],
      "textures": [ "Texture.default", "Texture.markings_none", "Texture.armor_none" ]
    }
  }
}
