{
  "format_version": "1.8.0",
  "render_controllers": {
    "controller.render.horse.v3": {
      "part_visibility": [
        { "saddle0": "q.is_saddled" },
        { "bridle": "q.is_saddled" },
        { "reins" : "q.is_saddled && q.has_rider" },
        { "chests" : false },
        { "mule_ear*" : false}
      ],
      "arrays": {
        "textures": {
          "Array.base": [
            "Texture.base_white",
            "Texture.base_creamy",
            "Texture.base_chestnut",
            "Texture.base_brown",
            "Texture.base_black",
            "Texture.base_gray",
            "Texture.base_darkbrown"
          ],
          "Array.markings": [
            "Texture.markings_none",
            "Texture.markings_white",
            "Texture.markings_whitefield",
            "Texture.markings_whitedots",
            "Texture.markings_blackdots"
          ],
          "Array.armor": [
            "Texture.armor_none",
            "Texture.armor_leather",
            "Texture.armor_iron",
            "Texture.armor_gold",
            "Texture.armor_diamond"
          ]
        }
      },
      "geometry": "Geometry.default",
      "materials": [
        { "*": "Material.default" }
      ],
      "textures": [
        "Array.base[q.variant]",
        "Array.markings[q.mark_variant]",
        "Array.armor[v.armor_texture_slot]"
      ],
      "color": {
        "r": "v.armor_texture_slot ? q.armor_color_slot(1, 0) : this",
        "g": "v.armor_texture_slot ? q.armor_color_slot(1, 1) : this",
        "b": "v.armor_texture_slot ? q.armor_color_slot(1, 2) : this",
        "a": "v.armor_texture_slot ? q.armor_color_slot(1, 3) : this"
      }
    }
  }
}
