{
  "format_version": "1.8.0",
  "render_controllers": {
    "controller.render.mule.v3": {
      "part_visibility": [
        { "saddle0": "q.is_saddled" },
        { "bridle": "q.is_saddled" },
        { "reins" : "q.is_saddled && q.has_rider" },
        { "chests" : "q.is_chested" },
        { "ear*" : false}
      ],
      "geometry": "Geometry.default",
      "materials": [
        { "*": "Material.default" }
      ],
      "textures": [ "Texture.mule", "Texture.markings_none", "Texture.armor_none" ]
    }
  }
}
