{
  "format_version": "1.10.0",
  "animation_controllers": {
    "controller.animation.player.arms.sprint": {
      "states": {
        "default": {
          "animations": [ "lean.forward" ],
          "transitions": [
            { "sprint": "query.is_sprinting" }
          ],
          "blend_transition": 0.3
        },
        "sprint": {
          "animations": [
            "sprint.arms",
            "move.arms.custom"
          ],
          "transitions": [
            { "default": "!query.is_sprinting" }
          ],
          "blend_transition": 0.1
        }
      }
    },
    "controller.animation.player.in.air": {
      "states": {
        "default": {
          "transitions": [
            { "jump": "!query.is_on_ground" }
          ],
          "blend_transition": 0.1
        },
        "jump": {
          "animations": [
            "in.air",
            "in.air.root",
            "fly",
            "jump"
          ],
          "transitions": [
            { "default": "query.is_on_ground" }
          ],
          "blend_transition": 0.1
        }
      }
    },
    "controller.animation.player.fishing": {
      "states": {
        "default": {
          "transitions": [
            { "fish": "query.get_equipped_item_name == 'fishing_rod'" }
          ],
          "blend_transition": 0.25
        },
        "fish": {
          "animations": [ "fishing" ],
          "transitions": [
            { "default": "query.get_equipped_item_name != 'fishing_rod'" }
          ],
          "blend_transition": 0.25
        }
      }
    },
    "controller.animation.player.fishing_action": {
      "states": {
        "default": {
          "transitions": [
            { "fish_action": "query.get_equipped_item_name == 'fishing_rod' && query.item_in_use_duration > 0" }
          ]
        },
        "fish_action": {
          "animations": [ "fishing_action" ],
          "transitions": [
            { "default": "query.all_animations_finished || query.get_equipped_item_name != 'fishing_rod'" }
          ]
        }
      }
    }
  }
}