{
  "format_version": "1.10.0",
  "minecraft:attachable": {
    "description": {
      "identifier": "minecraft:crossbow",
      "materials": {
        "default": "entity_alphatest",
        "enchanted": "entity_alphatest_glint"
      },
      "textures": {
        "default": "textures/items/crossbow_standby",
        "crossbow_pulling_0": "textures/items/crossbow_pulling_0",
        "crossbow_pulling_1": "textures/items/crossbow_pulling_1",
        "crossbow_pulling_2": "textures/items/crossbow_pulling_2",
        "crossbow_arrow": "textures/items/crossbow_arrow",
        "crossbow_rocket": "textures/items/crossbow_firework",
        "enchanted": "textures/misc/enchanted_item_glint"
      },
      "geometry": {
        "default": "geometry.crossbow",
        "crossbow_pulling_0": "geometry.crossbow0",
        "crossbow_pulling_1": "geometry.crossbow1",
        "crossbow_pulling_2": "geometry.crossbow2",
        "crossbow_arrow": "geometry.crossbow3",
        "crossbow_rocket": "geometry.crossbow4"
      },
      "animations": {
        "wield": "animation.crossbow.wield"
      },
      "scripts": {
        "animate": [
          "wield"
        ]
      },
            "render_controllers": [ 
          {"controller.render.crossbow" : "c.is_first_person"}
        ]
    }
  }
}
