{
  "format_version": "1.10.0",
  "minecraft:attachable": {
    "description": {
      "identifier": "minecraft:wooden_pickaxe",
      "materials": {
        "default": "entity_alphatest",
        "enchanted": "entity_alphatest_glint"
      },
      "textures": {
        "default": "textures/items/wood_pickaxe",
        "enchanted": "textures/misc/enchanted_item_glint"
      },
      "geometry": {
        "default": "geometry.sword"
      },
      "animations": {
        "wield": "animation.bow.wield"
      },
      "scripts": {
        "animate": [
          "wield"
        ]
      },
      "render_controllers": [ 
          {"controller.render.item_default" : "c.is_first_person"}
        ]
    }
  }
}
