{
	"format_version" : "1.16.0",
	"minecraft:geometry" : [
	{
			"description" : {
				"identifier" : "geometry.crossbow",
				"texture_width" : 16.0,
				"texture_height" : 16.0
			},
			"bones" : [
				{
					"name" : "shield",
					"parent": "Frightarm",
					"texture_meshes" : [
						{
							"local_pivot" : [ 6, 15, 1 ],
							"position" : [ 2.5, 12, 10],
							"rotation" : [ 90, 0, -40 ],
							"texture" : "default"
						}
					]
				}
			]
		},
			{
			"description" : {
				"identifier" : "geometry.crossbow0",
				"texture_width" : 16.0,
				"texture_height" : 16.0
			},
			"bones" : [
				{
					"name" : "shield",
					"parent": "Frightarm",
					"texture_meshes" : [
						{
							"local_pivot" : [ 6, 15, 1 ],
							"position" : [ 2.5, 12, 10],
							"rotation" : [ 90, 0, -40 ],
							"texture" : "crossbow_pulling_0"
						}
					]
				}
			]
		},
					{
			"description" : {
				"identifier" : "geometry.crossbow1",
				"texture_width" : 16.0,
				"texture_height" : 16.0
			},
			"bones" : [
				{
					"name" : "shield",
					"parent": "Frightarm",
					"texture_meshes" : [
						{
							"local_pivot" : [ 6, 15, 1 ],
							"position" : [ 2.5, 12, 10],
							"rotation" : [ 90, 0, -40 ],
							"texture" : "crossbow_pulling_1"
						}
					]
				}
			]
		},
					{
			"description" : {
				"identifier" : "geometry.crossbow2",
				"texture_width" : 16.0,
				"texture_height" : 16.0
			},
			"bones" : [
				{
					"name" : "shield",
					"parent": "Frightarm",
					"texture_meshes" : [
						{
							"local_pivot" : [ 6, 15, 1 ],
							"position" : [ 2.5, 12, 10],
							"rotation" : [ 90, 0, -40 ],
							"texture" : "crossbow_pulling_2"
						}
					]
				}
			]
		},			{
			"description" : {
				"identifier" : "geometry.crossbow3",
				"texture_width" : 16.0,
				"texture_height" : 16.0
			},
			"bones" : [
				{
					"name" : "shield",
					"parent": "Frightarm",
					"texture_meshes" : [
						{
							"local_pivot" : [ 6, 15, 1 ],
							"position" : [ 2.5, 12, 10],
							"rotation" : [ 90, 0, -40 ],
							"texture" : "crossbow_arrow"
						}
					]
				}
			]
		},
					{
			"description" : {
				"identifier" : "geometry.crossbow4",
				"texture_width" : 16.0,
				"texture_height" : 16.0
			},
			"bones" : [
				{
					"name" : "shield",
					"parent": "Frightarm",
					"texture_meshes" : [
						{
							"local_pivot" : [ 6, 15, 1 ],
							"position" : [ 2.5, 12, 10],
							"rotation" : [ 90, 0, -40 ],
							"texture" : "crossbow_rocket"
						}
					]
				}
			]
		}
	]
}