{
  "format_version": "1.16.0",
  "minecraft:geometry": [
    {
      "description": {
        "identifier": "geometry.Fshield",
        "texture_width": 64,
        "texture_height": 64
      },
      "bones": [
        {
          "name": "shield",
          "parent": "shield",   
          "pivot": [ 1.0, 15.5, 3.0 ],
          "cubes": [
            {
              "origin": [ 0.0, 25.0, 0.0 ],
              "size": [ 2.0, 6.0, 6.0 ],
              "uv": [ 26, 0 ]
            },
            {
              "origin": [ -5.0, 17.0, -1.0 ],
              "size": [ 12.0, 22.0, 1.0 ],
              "uv": [ 0, 0 ]
            }
          ]
        }
      ]
    },
    {
      "description": {
        "identifier": "geometry.shield.l",
        "texture_width": 64,
        "texture_height": 64
      },
      "bones": [
        {
          "name": "Fleftitem",
          "parent": "shield",
          "pivot": [ 6.0, 15, 1.0 ],
          "cubes": [
            {
              "origin": [ 0.0, 25.0, 0.0 ],
              "size": [ 2.0, 6.0, 6.0 ],
              "uv": [ 26, 0 ]
            },
            {
              "origin": [ -5.0, 17.0, -1.0 ],
              "size": [ 12.0, 22.0, 1.0 ],
              "uv": [ 0, 0 ]
            }
          ]
        }
      ]
    }
  ]
}
