{
  "format_version": "1.10.0",
  "animations": {
    "animation.player.move.legs": {
      "loop": true,
      "bones": {
        "leftleg": {
          "rotation": [
            "variable.tcos0 * -1.4",
            0.0,
            0.0
          ]
        },
        "rightleg": {
          "rotation": [
            "variable.tcos0 * 1.4",
            0.0,
            0.0
          ]
        },
        "root": {
          "position": [
            0.0,
            "!query.is_sneaking ? (variable.tcos1 * 0.0875) : 0",
            0.0
          ]
        }
      }
    },
    "animation.player.move.arms": {
      "loop": true,
      "bones": {
        "leftarm": {
          "rotation": [
            "!query.is_sprinting ? (variable.tcos5 * 0.8) : 0",
            0.0,
            0.0
          ]
        },
        "rightarm": {
          "rotation": [
            "!query.is_sprinting ? (-variable.tcos5 * 0.8) : 0",
            0.0,
            0.0
          ]
        }
      }
    },
    "animation.player.attack.rotations": {
      "loop": true,
      "bones": {
        "body": {
          "rotation": [
            0.0,
            "variable.attack_body_rot_y * variable.is_holding_fishing_rod",
            0.0
          ]
        },
        "leftarm": {
          "rotation": [
            "-(math.sin((1 - math.pow((1 - variable.attack_time), 4)) * 180) * 1.2 + math.sin(variable.attack_time * 180)) * 10.0*variable.is_holding_fishing_rod",
            0.0,
            0.0
          ]
        },
        "rightarm": {
          "rotation": [
            "-(math.sin((1 - math.pow((1 - variable.attack_time), 4)) * 180) * 1.2 + math.sin(variable.attack_time * 180)) * 30.0*variable.is_holding_fishing_rod",
            "-(math.sin((1 - math.pow((1 - variable.attack_time), 4)) * 180) ? (-90.0 * math.sin((1 - math.pow((1 - variable.attack_time), 4)) * 180)) + 30.0 : 0.0)*variable.is_holding_fishing_rod",
            0.0
          ]
        }
      }
    },
    "animation.player.fly": {
      "loop": true,
      "bones": {
        "leftleg": {
          "rotation": [
            "variable.tcos0 * 1.0",
            0.0,
            0.0
          ]
        },
        "rightleg": {
          "rotation": [
            "variable.tcos0 * -1.0",
            0.0,
            0.0
          ]
        }
      }
    },
    "animation.player.move.arms.custom": {
      "loop": true,
      "bones": {
        "leftarm": {
          "rotation": [
            "!query.is_swimming ? (variable.tcos5 * 1) : 0",
            0.0,
            0.0
          ]
        },
        "rightarm": {
          "rotation": [
            "!query.is_swimming ? (-variable.tcos5 * 1) : 0",
            0.0,
            0.0
          ]
        }
      }
    },
    "animation.player.move.arms.sprint": {
      "loop": true,
      "bones": {
        "root": {
          "position": [
            0.0,
            "!query.is_sneaking ? (variable.tcos6 * 0.0875) : 0",
            0.0
          ]
        }
      }
    },
    "animation.player.move.root.sprint_jump": {
      "loop": true,
      "bones": {
        "leftarm": {
          "rotation": [
            "!query.is_swimming ? ((-variable.tsin2 * -0.45 +200*query.modified_move_speed)*0.5+ variable.tcos7 *0.8):0",
            "!query.is_swimming ? ((variable.tsin3 * -0.45)*0.5):0",
            "!query.is_swimming ? ((-variable.tcos3 * 0.45 + query.modified_move_speed * -70)*0.5):0"
          ]
        },
        "rightarm": {
          "rotation": [
            "!query.is_swimming ? ((-variable.tsin3 * -0.45 +200*query.modified_move_speed)*0.5- variable.tcos7*0.7):0",
            "!query.is_swimming ? ((variable.tsin2 * -0.45)*0.5):0",
            "!query.is_swimming ? ((variable.tcos2 * 0.45 + query.modified_move_speed * 70)*0.5):0"
          ]
        },
        "leftleg": {
          "rotation": [
            "math.clamp(variable.tcos0 * -2, -20, 20)",
            0.0,
            0.0
          ]
        },
        "rightleg": {
          "rotation": [
            "math.clamp(variable.tcos0 * 2, -20, 20)",
            0.0,
            0.0
          ]
        }
      }
    },
    "animation.player.move.root.sprint_jump1": {
      "loop": true,
      "bones": {
        "root": {
          "position": [
            0.0,
            "variable.tcos6 * -0.0875",
            0.0
          ]
        }
      }
    },
    "animation.player.lean.forward": {
      "loop": true,
      "bones": {
        "root": {
          "rotation": [
            "(8 + math.sin(query.anim_time * 360))*query.modified_move_speed",
            0.0,
            0.0
          ]
        }
      }
    },
    "animation.player.in.air.root": {
      "loop": false,
      "animation_length": 0.83,
      "bones": {
        "root": {
          "position": {
            "0.0": [
              0.0,
              "!query.is_wall_climbing ? (0.7 + math.sin(query.anim_time * 250)* 3) : 0",
              0.0
            ],
            "0.7": [
              0.0,
              "!query.is_wall_climbing ? (0.7 + math.sin(query.anim_time * 250)* 3) : 0",
              0.0
            ],
            "0.83": [
              0.0,
              0.0,
              0.0
            ]
          }
        }
      }
    },
    "animation.player.in.air": {
      "loop": true,
      "bones": {
        "leftarm": {
          "rotation": [
            "!query.is_sprinting ? (variable.tcos5 * -0.8) : 0",
            0.0,
            0.0
          ]
        },
        "rightarm": {
          "rotation": [
            "!query.is_sprinting ? (-variable.tcos5 * -0.8) : 0",
            0.0,
            0.0
          ]
        }
      }
    },
    "animation.player.riding.body": {
      "loop": true,
      "bones": {
        "body": {
          "rotation": [7, 0, 0],
          "position": [0, -0.4, 0]
        }
      }
    }
  }
}