{
	"format_version": "1.8.0",
	"animations": {
		"animation.player.fishing": {
			"loop": true,
			"bones": {
				"rightarm": {
					"rotation": ["-this * 0.9 -45", -25, -17]
				},
				"leftarm": {
					"rotation": ["-this * 0.98 -64", 25, 10]
				},
				"rightItem": {
					"rotation": [5, 6, 32],
					"position": [2, -3, 1]
				}
			}
		},
		"animation.player.fishing_action": {
			"animation_length": 0.43,
			"bones": {
				"rightarm": {
					"rotation": {
						"0.0": [0, 0, 0],
						"0.1": [-50, 0, 0],
						"0.2": [0, 0, 0]
					}
				},
				"leftarm": {
					"rotation": {
						"0.0": [0, 0, 0],
						"0.1": [-55, 0, 0],
						"0.2": [0, 0, 0]
					}
				},
				"body": {
					"rotation": {
						"0.0": ["math.sin(query.anim_time*900) *-50 *0.6", 0, 0],
						"0.43": [0, 0, 0]
					},
					"position": {
						"0.0": [0, "(math.cos(query.anim_time*900*2) * 2-2)*0.6", "math.sin(query.anim_time*900) *9*0.6"],
						"0.43": [0, 0, 0]
					}
				}
			}
		}
	}
}