{
	"format_version": "1.8.0",
	"animations": {
		"animation.player.jump": {
			"animation_length": 0.36,
			"bones": {
				"head": {
					"rotation": {
						"0.0": [0, 0, 0],
						"0.0833": [10, 0, 0],
						"0.1667": [8, 0, 0],
						"0.2": [6, 0, 0],
						"0.2333": [5, 0, 0],
						"0.2833": [2, 0, 0],
						"0.3167": [0, 0, 0]
					}
				},
				"rightarm": {
					"rotation": {
						"0.0": [0, 0, 0],
						"0.0333": [-36, 10, 10],
						"0.0833": [-35, 11, 12],
						"0.1167": [-19, 11, 13],
						"0.2": [-11, 11, 7],
						"0.2833": [-5, 11, 2],
						"0.3667": [0, 0, 0]
					}
				},
				"leftarm": {
					"rotation": {
						"0.0": [0, 0, 0],
						"0.0333": [-30, -5, -15],
						"0.0833": [-35, -5, -17],
						"0.1167": [-25, -5, -18],
						"0.2": [-15, -5, -14],
						"0.2833": [-10, -5, -6],
						"0.3667": [0, 0, 0]
					}
				},
				"leftleg": {
					"rotation": [0, 0, 0],
					"position": {
						"0.0": [0, 0, 0],
						"0.0333": [0, -1, 0],
						"0.3667": [0, 0, 0]
					}
				},
				"rightleg": {
					"rotation": {
						"0.0": [0, 0, 0],
						"0.3667": [0, 0, 0]
					},
					"position": {
						"0.0": [0, 0.2, 0],
						"0.0333": [0, 2, 0],
						"0.0833": [0, 1.9, 0],
						"0.1667": [0, 1.2, 0],
						"0.2": [0, 0.6, 0],
						"0.2333": [0, 0.1, 0],
						"0.3667": [0, 0, 0]
					}
				}
			}
		}
	}
}