{
  "format_version": "1.8.0",
  "geometry.humanoid.armor1:geometry.zombie": {
    "visible_bounds_width": 2,
    "visible_bounds_height": 2,
    "visible_bounds_offset": [ 0, 1, 0 ],
    "bones": [
      {
        "name": "head",
        "inflate": 1.0
      },
      {
        "name": "hat",
        "inflate": 1.5,
        "neverRender": false
      },
      {
        "name": "body",
        "inflate": 1.01
      },

      {
        "name": "rightArm",
        "inflate": 1.0
      },

      {
        "name": "leftArm",
        "inflate": 1.0
      },

      {
        "name": "rightLeg_root",
        "inflate": 1.0
      },

      {
        "name": "leftLeg_root",
        "inflate": 1.0
      }
    ]
  },
  "geometry.humanoid.armor2:geometry.zombie": {
    "visible_bounds_width": 2,
    "visible_bounds_height": 2,
    "visible_bounds_offset": [ 0, 1, 0 ],
    "bones": [
      {
        "name": "head",
        "inflate": 0.5
      },

      {
        "name": "body",
        "inflate": 0.5
      },

      {
        "name": "rightArm",
        "inflate": 0.5
      },

      {
        "name": "leftArm",
        "inflate": 0.5
      },

      {
        "name": "rightLeg_root",
        "inflate": 0.49
      },

      {
        "name": "leftLeg_root",
        "inflate": 0.49
      }
    ]
  }
}
