{
	"format_version": "1.12.0",
	"minecraft:geometry": [
		{
			"description": {
				"identifier": "geometry.cow",
				"texture_width": 64,
				"texture_height": 32,
				"visible_bounds_width": 3,
				"visible_bounds_height": 3.125,
				"visible_bounds_offset": [0, 1.4375, 0]
			},
			"bones": [
				{
					"name": "all",
					"pivot": [0, 0, 0]
				},
				{
					"name": "root",
					"parent": "all",
					"pivot": [0, 17, -6]
				},
				{
					"name": "body",
					"parent": "root",
					"pivot": [0, 13, -1]
				},
				{
					"name": "body_rotation",
					"parent": "body",
					"pivot": [0, 17, -1],
					"rotation": [90, 0, 0],
					"cubes": [
						{"origin": [-2, 7, -7], "size": [4, 6, 1], "uv": [52, 0]},
						{"origin": [-6, 7, -6], "size": [12, 18, 10], "inflate": 0.05, "uv": [18, 4]}
					]
				},
				{
					"name": "leg0",
					"parent": "root",
					"pivot": [-4, 12, 6]
				},
				{
					"name": "leg0_root",
					"parent": "leg0",
					"pivot": [-4, 0, 6],
					"cubes": [
						{"origin": [-6, 0, 4], "size": [4, 12, 4], "uv": [0, 16]}
					]
				},
				{
					"name": "leg1",
					"parent": "root",
					"pivot": [4, 12, 6]
				},
				{
					"name": "leg1_root",
					"parent": "leg1",
					"pivot": [4, 0, 6],
					"cubes": [
						{"origin": [2, 0, 4], "size": [4, 12, 4], "uv": [0, 16], "mirror": true}
					]
				},
				{
					"name": "leg2",
					"parent": "root",
					"pivot": [-4, 12, -6]
				},
				{
					"name": "leg2_root",
					"parent": "leg2",
					"pivot": [-4, 0, -6],
					"cubes": [
						{"origin": [-6, 0, -8], "size": [4, 12, 4], "uv": [0, 16]}
					]
				},
				{
					"name": "leg3",
					"parent": "root",
					"pivot": [4, 12, -6]
				},
				{
					"name": "leg3_root",
					"parent": "leg3",
					"pivot": [4, 0, -6],
					"cubes": [
						{"origin": [2, 0, -8], "size": [4, 12, 4], "uv": [0, 16], "mirror": true}
					]
				},
				{
					"name": "head",
					"parent": "root",
					"pivot": [0, 20, -9],
					"cubes": [
						{"origin": [-4, 16, -15], "size": [8, 8, 6], "uv": [0, 0]},
						{"origin": [-5, 22, -13], "size": [1, 3, 1], "uv": [22, 0]},
						{"origin": [4, 22, -13], "size": [1, 3, 1], "uv": [22, 0]},
						{"origin": [-4, 19, -14.94], "size": [3, 4, 0], "uv": [0, 2]},
						{"origin": [1, 19, -14.94], "size": [3, 4, 0], "uv": [0, 2], "mirror": true}
					],
					"locators": {
						"lead": [0, 20, -9]
					}
				},
				{
					"name": "pupil_right",
					"parent": "head",
					"pivot": [-3.5, 20.5, -15]
				},
				{
					"name": "pupil_right_in",
					"parent": "pupil_right",
					"pivot": [-3, 20.5, -15]
				},
				{
					"name": "pupil_right_out",
					"parent": "pupil_right_in",
					"pivot": [-4, 20.5, -15]
				},
				{
					"name": "pupil_right_top",
					"parent": "pupil_right_out",
					"pivot": [-3.5, 21, -15]
				},
				{
					"name": "pupil_right_bottom",
					"parent": "pupil_right_top",
					"pivot": [-3.5, 20, -15],
					"cubes": [
						{"origin": [-4, 19.99, -14.96], "size": [1.01, 1.01, 0], "uv": [0, 1]}
					]
				},
				{
					"name": "pupil_left",
					"parent": "head",
					"pivot": [3.5, 20.5, -15]
				},
				{
					"name": "pupil_left_in",
					"parent": "pupil_left",
					"pivot": [3, 20.5, -15]
				},
				{
					"name": "pupil_left_out",
					"parent": "pupil_left_in",
					"pivot": [4, 20.5, -15]
				},
				{
					"name": "pupil_left_top",
					"parent": "pupil_left_out",
					"pivot": [3.5, 21, -15]
				},
				{
					"name": "pupil_left_bottom",
					"parent": "pupil_left_top",
					"pivot": [3.5, 20, -15],
					"cubes": [
						{"origin": [2.99, 19.99, -14.96], "size": [1.01, 1.01, 0], "uv": [0, 1], "mirror": true}
					]
				},
				{
					"name": "eyebrows",
					"parent": "head",
					"pivot": [0, 21, -14],
					"cubes": [
						{"origin": [-4, 21, -14.98], "size": [2, 2.02, 0], "uv": [2, 0]},
						{"origin": [-4, 21, -15.02], "size": [2, 1, 0], "uv": [2, 1]},
						{"origin": [2, 21, -15.02], "size": [2, 1, 0], "uv": [2, 1], "mirror": true},
						{"origin": [2, 21, -14.98], "size": [2, 2.02, 0], "uv": [2, 0], "mirror": true}
					]
				}
			]
		}
	]
}