{
	"format_version": "1.12.0",
	"minecraft:geometry": [
		{
			"description": {
				"identifier": "geometry.creeper",
				"texture_width": 64,
				"texture_height": 32,
				"visible_bounds_width": 2,
				"visible_bounds_height": 3.25,
				"visible_bounds_offset": [0, 1.375, 0]
			},
			"bones": [
				{
					"name": "all",
					"pivot": [0, 0, 0]
				},
				{
					"name": "root",
					"parent": "all",
					"pivot": [0, 16, 0]
				},
				{
					"name": "body",
					"parent": "root",
					"pivot": [0, 6, 0],
					"cubes": [
						{"origin": [-4, 6, -2], "size": [8, 12, 4], "inflate": 0.05, "uv": [16, 16]}
					]
				},
				{
					"name": "head",
					"parent": "body",
					"pivot": [0, 18, 0],
					"cubes": [
						{"origin": [-4, 18, -4], "size": [8, 8, 8], "uv": [0, 0]},
						{"origin": [-4, 21, -3.9], "size": [4, 4, 0], "uv": [0, 0]},
						{"origin": [0, 21, -3.9], "size": [4, 4, 0], "uv": [0, 0]}
					]
				},
				{
					"name": "pupil_right",
					"parent": "head",
					"pivot": [-1.5, 22.5, -4]
				},
				{
					"name": "pupil_right_in",
					"parent": "pupil_right",
					"pivot": [-1, 22.5, -4]
				},
				{
					"name": "pupil_right_out",
					"parent": "pupil_right_in",
					"pivot": [-2, 22.5, -4]
				},
				{
					"name": "pupil_right_up",
					"parent": "pupil_right_out",
					"pivot": [-1.5, 23, -4]
				},
				{
					"name": "pupil_right_down",
					"parent": "pupil_right_up",
					"pivot": [-1.5, 22, -4],
					"cubes": [
						{"origin": [-2, 22, -3.92], "size": [1, 1, 0], "uv": [0, 4]}
					]
				},
				{
					"name": "pupil_left",
					"parent": "head",
					"pivot": [1.5, 22.5, -4]
				},
				{
					"name": "pupil_left_in",
					"parent": "pupil_left",
					"pivot": [1, 22.5, -4]
				},
				{
					"name": "pupil_left_out",
					"parent": "pupil_left_in",
					"pivot": [2, 22.5, -4]
				},
				{
					"name": "pupil_left_up",
					"parent": "pupil_left_out",
					"pivot": [1.5, 23, -4]
				},
				{
					"name": "pupil_left_down",
					"parent": "pupil_left_up",
					"pivot": [1.5, 22, -4],
					"cubes": [
						{"origin": [1, 22, -3.92], "size": [1, 1, 0], "uv": [0, 4], "mirror": true}
					]
				},
				{
					"name": "eyebrows",
					"parent": "head",
					"pivot": [0, 24, -4],
					"cubes": [
						{"origin": [-4, 24, -3.97], "size": [4, 2, 0], "uv": [0, 5]},
						{"origin": [0, 24, -3.97], "size": [4, 2, 0], "uv": [0, 5]}
					]
				},
				{
					"name": "leg0",
					"parent": "root",
					"pivot": [-2, 6, 2]
				},
				{
					"name": "leg0_root",
					"parent": "leg0",
					"pivot": [-2.75, 0, 4],
					"cubes": [
						{"origin": [-4, 0, 2], "size": [4, 6, 4], "uv": [0, 16]}
					]
				},
				{
					"name": "leg1",
					"parent": "root",
					"pivot": [2, 6, 2]
				},
				{
					"name": "leg1_root",
					"parent": "leg1",
					"pivot": [2.75, 0, 4],
					"cubes": [
						{"origin": [0, 0, 2], "size": [4, 6, 4], "uv": [0, 16]}
					]
				},
				{
					"name": "leg2",
					"parent": "root",
					"pivot": [-2, 6, -2]
				},
				{
					"name": "leg2_root",
					"parent": "leg2",
					"pivot": [-2.75, 0, -4],
					"cubes": [
						{"origin": [-4, 0, -6], "size": [4, 6, 4], "uv": [0, 16]}
					]
				},
				{
					"name": "leg3",
					"parent": "root",
					"pivot": [2, 6, -2]
				},
				{
					"name": "leg3_root",
					"parent": "leg3",
					"pivot": [2.75, 0, -4],
					"cubes": [
						{"origin": [0, 0, -6], "size": [4, 6, 4], "uv": [0, 16]}
					]
				}
			]
		},
		{
			"description": {
				"identifier": "geometry.creeper_charged",
				"texture_width": 64,
				"texture_height": 32,
				"visible_bounds_width": 2,
				"visible_bounds_height": 3.25,
				"visible_bounds_offset": [0, 1.375, 0]
			},
			"bones": [
				{
					"name": "all",
					"pivot": [0, 0, 0]
				},
				{
					"name": "root",
					"parent": "all",
					"pivot": [0, 16, 0]
				},
				{
					"name": "body",
					"parent": "root",
					"pivot": [0, 12, 0],
					"cubes": [
						{"origin": [-4, 6, -2], "size": [8, 12, 4], "inflate": 1.01, "uv": [16, 16]}
					]
				},
				{
					"name": "head",
					"parent": "root",
					"pivot": [0, 18, 0],
					"cubes": [
						{"origin": [-4, 18, -4], "size": [8, 8, 8], "inflate": 1, "uv": [0, 0]}
					]
				},
				{
					"name": "leg0",
					"parent": "root",
					"pivot": [-3, 6, 4],
					"rotation": [0, -10, 0]
				},
				{
					"name": "leg0_root",
					"parent": "leg0",
					"pivot": [-3.75, 0, 4],
					"rotation": [0, 0, 5],
					"cubes": [
						{"origin": [-5, 0, 2], "size": [4, 6, 4], "inflate": 1, "uv": [0, 16]}
					]
				},
				{
					"name": "leg1",
					"parent": "root",
					"pivot": [3, 6, 4],
					"rotation": [0, 10, 0]
				},
				{
					"name": "leg1_root",
					"parent": "leg1",
					"pivot": [3.75, 0, 4],
					"rotation": [0, 0, -5],
					"cubes": [
						{"origin": [1, 0, 2], "size": [4, 6, 4], "inflate": 1, "uv": [0, 16]}
					]
				},
				{
					"name": "leg2",
					"parent": "root",
					"pivot": [-3, 6, -4],
					"rotation": [0, 10, 0]
				},
				{
					"name": "leg2_root",
					"parent": "leg2",
					"pivot": [-3.75, 0, -4],
					"rotation": [0, 0, 5],
					"cubes": [
						{"origin": [-5, 0, -6], "size": [4, 6, 4], "inflate": 1, "uv": [0, 16]}
					]
				},
				{
					"name": "leg3",
					"parent": "root",
					"pivot": [3, 6, -4],
					"rotation": [0, -10, 0]
				},
				{
					"name": "leg3_root",
					"parent": "leg3",
					"pivot": [3.75, 0, -4],
					"rotation": [0, 0, -5],
					"cubes": [
						{"origin": [1, 0, -6], "size": [4, 6, 4], "inflate": 1, "uv": [0, 16]}
					]
				}
			]
		}
	]
}