{
	"format_version": "1.12.0",
	"minecraft:geometry": [
		{
			"description": {
				"identifier": "geometry.enderman",
				"texture_width": 64,
				"texture_height": 32,
				"visible_bounds_width": 3,
				"visible_bounds_height": 4,
				"visible_bounds_offset": [0, 2, 0]
			},
			"bones": [
				{
					"name": "root",
					"pivot": [0, 28, 0]
				},
				{
					"name": "waist",
					"parent": "root",
					"pivot": [0, 30, 0]
				},
				{
					"name": "body",
					"parent": "waist",
					"pivot": [0, 40, 0],
					"reset": true,
					"cubes": [
						{"origin": [-4, 30, -2], "size": [8, 12, 4], "uv": [32, 16]}
					]
				},
				{
					"name": "leftArm",
					"parent": "body",
					"pivot": [5, 40, 0],
					"reset": true,
					"mirror": true,
					"cubes": [
						{"origin": [4, 12, -1], "size": [2, 30, 2], "uv": [56, 0]}
					]
				},
				{
					"name": "rightArm",
					"parent": "body",
					"pivot": [-5, 40, 0],
					"reset": true,
					"cubes": [
						{"origin": [-6, 12, -1], "size": [2, 30, 2], "uv": [56, 0]}
					]
				},
				{
					"name": "head",
					"parent": "body",
					"pivot": [0, 42, 0],
					"cubes": [
						{"origin": [-4, 42, -4], "size": [8, 8, 8], "inflate": -0.5, "uv": [0, 16]}
					]
				},
				{
					"name": "jaw",
					"parent": "head",
					"pivot": [0, 42, 0],
					"reset": true,
					"cubes": [
						{"origin": [-4, 42, -4], "size": [8, 8, 8], "uv": [0, 0]},
						{"origin": [-4, 44, -3.94], "size": [4, 3, 0], "uv": [0, 0]},
						{"origin": [0, 44, -3.94], "size": [4, 3, 0], "uv": [0, 0], "mirror": true},
						{"origin": [-4, 44, -4], "size": [8, 0, 8], "uv": [16, 0]}
					]
				},
				{
					"name": "pupil_right",
					"parent": "jaw",
					"pivot": [-2.5, 45.5, -4]
				},
				{
					"name": "pupil_right_out",
					"parent": "pupil_right",
					"pivot": [-3, 45.5, -4]
				},
				{
					"name": "pupil_right_in",
					"parent": "pupil_right_out",
					"pivot": [-2, 45.5, -4]
				},
				{
					"name": "pupil_right_up",
					"parent": "pupil_right_in",
					"pivot": [-2.5, 46, -4]
				},
				{
					"name": "pupil_right_down",
					"parent": "pupil_right_up",
					"pivot": [-2.5, 45, -4],
					"cubes": [
						{"origin": [-3, 45, -3.96], "size": [1, 1, 0], "uv": [0, 5]}
					]
				},
				{
					"name": "pupil_left",
					"parent": "jaw",
					"pivot": [2.5, 45.5, -4]
				},
				{
					"name": "pupil_left_out",
					"parent": "pupil_left",
					"pivot": [3, 45.5, -4]
				},
				{
					"name": "pupil_left_in",
					"parent": "pupil_left_out",
					"pivot": [2, 45.5, -4]
				},
				{
					"name": "pupil_left_up",
					"parent": "pupil_left_in",
					"pivot": [2.5, 46, -4]
				},
				{
					"name": "pupil_left_down",
					"parent": "pupil_left_up",
					"pivot": [2.5, 45, -4],
					"cubes": [
						{"origin": [2, 45, -3.96], "size": [1, 1, 0], "uv": [0, 5], "mirror": true}
					]
				},
				{
					"name": "eyebrows",
					"parent": "jaw",
					"pivot": [0, 46, -4],
					"cubes": [
						{"origin": [-4, 46, -3.98], "size": [4, 2, 0], "uv": [0, 3]},
						{"origin": [0, 46, -3.98], "size": [4, 2, 0], "uv": [0, 3], "mirror": true}
					]
				},
				{
					"name": "rightLeg",
					"parent": "root",
					"pivot": [-2, 30, 0]
				},
				{
					"name": "rightLeg_root",
					"parent": "rightLeg",
					"pivot": [-2, 0, 0],
					"reset": true,
					"cubes": [
						{"origin": [-3, 0, -1], "size": [2, 30, 2], "uv": [56, 0]}
					]
				},
				{
					"name": "leftLeg",
					"parent": "root",
					"pivot": [2, 30, 0]
				},
				{
					"name": "leftLeg_root",
					"parent": "leftLeg",
					"pivot": [2, 0, 0],
					"reset": true,
					"cubes": [
						{"origin": [1, 0, -1], "size": [2, 30, 2], "uv": [56, 0], "mirror": true}
					]
				}
			]
		}
	]
}