{
	"format_version": "1.12.0",
	"minecraft:geometry": [
		{
			"description": {
				"identifier": "geometry.evoker",
				"texture_width": 64,
				"texture_height": 64,
				"visible_bounds_width": 2,
				"visible_bounds_height": 3,
				"visible_bounds_offset": [0, 1.5, 0]
			},
			"bones": [
				{
					"name": "root",
					"pivot": [0, 12, 0]
				},
				{
					"name": "waist",
					"parent": "root",
					"pivot": [0, 12, 0]
				},
				{
					"name": "body",
					"parent": "waist",
					"pivot": [0, 22, 0],
					"cubes": [
						{"origin": [-4, 6, -3], "size": [8, 18, 6], "inflate": 0.5, "uv": [0, 38]},
						{"origin": [-4, 12, -3], "size": [8, 12, 6], "inflate": 0.02, "uv": [16, 20]}
					]
				},
				{
					"name": "head",
					"parent": "body",
					"pivot": [0, 24, 0],
					"cubes": [
						{"origin": [-4, 24, -4], "size": [8, 10, 8], "uv": [0, 0]},
						{"origin": [-4, 26, -3.94], "size": [4, 4, 0], "uv": [0, 0]},
						{"origin": [0, 26, -3.94], "size": [4, 4, 0], "uv": [0, 0], "mirror": true}
					]
				},
				{
					"name": "mouth",
					"parent": "head",
					"pivot": [0, 0, 0],
					"cubes": [
						{"origin": [-2, 24, -4.02], "size": [4, 2, 0], "uv": [30, 6]}
					]
				},
				{
					"name": "nose",
					"parent": "head",
					"pivot": [0, 26.5, -4.5],
					"cubes": [
						{"origin": [-1, 23, -6], "size": [2, 4, 2], "uv": [24, 0]}
					]
				},
				{
					"name": "eyebrow",
					"parent": "head",
					"pivot": [0, 28, -4]
				},
				{
					"name": "eyebrow_right",
					"parent": "eyebrow",
					"pivot": [-2, 28, -4],
					"cubes": [
						{"origin": [-4, 28, -4.02], "size": [3, 2, 0], "uv": [24, 6]}
					]
				},
				{
					"name": "eyebrow_left",
					"parent": "eyebrow",
					"pivot": [2, 28, -4],
					"cubes": [
						{"origin": [1, 28, -4.02], "size": [3, 2, 0], "uv": [24, 6], "mirror": true}
					]
				},
				{
					"name": "eyelids",
					"parent": "head",
					"pivot": [0, 28, -4]
				},
				{
					"name": "eyelid_right",
					"parent": "eyelids",
					"pivot": [2, 28, -4],
					"cubes": [
						{"origin": [0, 28, -3.98], "size": [4, 3, 0], "uv": [0, 5], "mirror": true}
					]
				},
				{
					"name": "eyelid_left",
					"parent": "eyelids",
					"pivot": [-2, 28, -4],
					"cubes": [
						{"origin": [-4, 28, -3.98], "size": [4, 3, 0], "uv": [0, 5]}
					]
				},
				{
					"name": "pupil_right",
					"parent": "head",
					"pivot": [-1.5, 27.5, -4]
				},
				{
					"name": "pupil_right_in",
					"parent": "pupil_right",
					"pivot": [-1, 27.5, -4]
				},
				{
					"name": "pupil_right_out",
					"parent": "pupil_right_in",
					"pivot": [-2, 27.5, -4]
				},
				{
					"name": "pupil_right_up",
					"parent": "pupil_right_out",
					"pivot": [-1.5, 28, -4]
				},
				{
					"name": "pupil_right_down",
					"parent": "pupil_right_up",
					"pivot": [-1.5, 27, -4],
					"cubes": [
						{"origin": [-2, 27, -3.96], "size": [1, 1, 0], "uv": [0, 4]}
					]
				},
				{
					"name": "pupil_left",
					"parent": "head",
					"pivot": [1.5, 27.5, -4]
				},
				{
					"name": "pupil_left_in",
					"parent": "pupil_left",
					"pivot": [1, 27.5, -4]
				},
				{
					"name": "pupil_left_out",
					"parent": "pupil_left_in",
					"pivot": [2, 27.5, -4]
				},
				{
					"name": "pupil_left_up",
					"parent": "pupil_left_out",
					"pivot": [1.5, 28, -4]
				},
				{
					"name": "pupil_left_down",
					"parent": "pupil_left_up",
					"pivot": [1.5, 27, -4],
					"cubes": [
						{"origin": [1, 27, -3.96], "size": [1, 1, 0], "uv": [0, 4], "mirror": true}
					]
				},
				{
					"name": "rightarm",
					"parent": "body",
					"pivot": [-5, 22, 0],
					"cubes": [
						{"origin": [-8, 12, -2], "size": [4, 12, 4], "uv": [40, 46]}
					],
					"locators": {
						"spell0": [-6, 12, 0],
						"lead": [-6, 13, 0]
					}
				},
				{
					"name": "rightItem",
					"parent": "rightarm",
					"pivot": [-6, 15, 1]
				},
				{
					"name": "leftarm",
					"parent": "body",
					"pivot": [5, 22, 0],
					"mirror": true,
					"cubes": [
						{"origin": [4, 12, -2], "size": [4, 12, 4], "uv": [40, 46]}
					],
					"locators": {
						"spell1": [6, 12, 0]
					}
				},
				{
					"name": "leftItem",
					"parent": "leftarm",
					"pivot": [6, 15, 1]
				},
				{
					"name": "arms",
					"parent": "body",
					"pivot": [0, 21, -1],
					"rotation": [-42.97, 0, 0],
					"cubes": [
						{"origin": [-8, 15, -3], "size": [4, 8, 4], "uv": [44, 22]},
						{"origin": [4, 15, -3], "size": [4, 8, 4], "uv": [44, 22]},
						{"origin": [-4, 15, -3], "size": [8, 4, 4], "uv": [40, 38]}
					]
				},
				{
					"name": "leftLeg",
					"parent": "root",
					"pivot": [2, 12, 0]
				},
				{
					"name": "leftLeg_root",
					"parent": "leftLeg",
					"pivot": [2, 0, 0],
					"cubes": [
						{"origin": [0, 0, -2], "size": [4, 12, 4], "uv": [0, 22]}
					]
				},
				{
					"name": "rightLeg",
					"parent": "root",
					"pivot": [-2, 12, 0]
				},
				{
					"name": "rightLeg_root",
					"parent": "rightLeg",
					"pivot": [-2, 0, 0],
					"mirror": true,
					"cubes": [
						{"origin": [-4, 0, -2], "size": [4, 12, 4], "uv": [0, 22]}
					]
				}
			]
		}
	]
}