{
	"format_version": "1.12.0",
	"minecraft:geometry": [
		{
			"description": {
				"identifier": "geometry.horse",
				"texture_width": 64,
				"texture_height": 64,
				"visible_bounds_width": 4,
				"visible_bounds_height": 3,
				"visible_bounds_offset": [0, 1.5, 0]
			},
			"bones": [
				{
					"name": "root",
					"pivot": [0, 0, 0]
				},
				{
					"name": "body0",
					"parent": "root",
					"pivot": [0, 13, 0],
					"cubes": [
						{"origin": [-5, 11, -11], "size": [10, 10, 22], "inflate": 0.02, "uv": [0, 32]}
					]
				},
				{
					"name": "tail",
					"parent": "body0",
					"pivot": [0, 20, 11],
					"rotation": [25, 0, 0],
					"cubes": [
						{"origin": [-1.5, 6, 9], "size": [3, 14, 4], "uv": [42, 36]}
					]
				},
				{
					"name": "chests",
					"parent": "body0",
					"pivot": [0, 20, 6],
					"rotation": [0, -90, 0],
					"cubes": [
						{"origin": [-4, 13, 11], "size": [8, 8, 3], "uv": [26, 21]},
						{"origin": [-4, 13, -2], "size": [8, 8, 3], "uv": [26, 21]}
					]
				},
				{
					"name": "saddle0",
					"parent": "body0",
					"pivot": [0, 17, 1],
					"cubes": [
						{"origin": [-5, 12, -3.5], "size": [10, 9, 9], "inflate": 0.5, "uv": [26, 0]}
					]
				},
				{
					"name": "neck0",
					"parent": "body0",
					"pivot": [0, 17, -8],
					"rotation": [30, 0, 0],
					"cubes": [
						{"origin": [-1, 17, -3.95], "size": [2, 16, 2], "uv": [56, 36]},
						{"origin": [2.94, 30, -10], "size": [0, 3, 4], "uv": [13, 21], "mirror": true},
						{"origin": [-2.94, 30, -10], "size": [0, 3, 4], "uv": [13, 21]},
						{"origin": [-3, 28, -11], "size": [6, 5, 7], "uv": [0, 13]},
						{"origin": [-2, 16, -11], "size": [4, 12, 7], "uv": [0, 35]}
					],
					"locators": {
						"lead": [0, 17, -8]
					}
				},
				{
					"name": "eyebrows",
					"parent": "neck0",
					"pivot": [0, 33, -8],
					"cubes": [
						{"origin": [-2.98, 32, -10], "size": [0, 1, 4], "uv": [13, 25]},
						{"origin": [2.98, 32, -10], "size": [0, 1, 4], "uv": [13, 25], "mirror": true}
					]
				},
				{
					"name": "pupil_right",
					"parent": "neck0",
					"pivot": [-3, 31.5, -8.5]
				},
				{
					"name": "pupil_right_out",
					"parent": "pupil_right",
					"pivot": [-3, 31.5, -8]
				},
				{
					"name": "pupil_right_in",
					"parent": "pupil_right_out",
					"pivot": [-3, 31.5, -9]
				},
				{
					"name": "pupil_right_up",
					"parent": "pupil_right_in",
					"pivot": [-3, 32, -8.5]
				},
				{
					"name": "pupil_right_bottom",
					"parent": "pupil_right_up",
					"pivot": [-3, 31, -8.5],
					"cubes": [
						{
							"origin": [-2.95, 31, -9],
							"size": [0, 1, 1],
							"inflate": 0.01,
							"uv": {
								"north": {"uv": [14, 28], "uv_size": [0, 1]},
								"east": {"uv": [13, 28], "uv_size": [1, 1]},
								"south": {"uv": [15, 28], "uv_size": [0, 1]},
								"west": {"uv": [14, 28], "uv_size": [1, 1]},
								"up": {"uv": [14, 27], "uv_size": [0, 1]},
								"down": {"uv": [14, 28], "uv_size": [0, -1]}
							}
						}
					]
				},
				{
					"name": "pupil_left",
					"parent": "neck0",
					"pivot": [3, 31.5, -8.5]
				},
				{
					"name": "pupil_left_out",
					"parent": "pupil_left",
					"pivot": [3, 31.5, -8]
				},
				{
					"name": "pupil_left_in",
					"parent": "pupil_left_out",
					"pivot": [3, 31.5, -9]
				},
				{
					"name": "pupil_left_up",
					"parent": "pupil_left_in",
					"pivot": [3, 32, -8.5]
				},
				{
					"name": "pupil_left_bottom",
					"parent": "pupil_left_up",
					"pivot": [3, 31, -8.5],
					"cubes": [
						{
							"origin": [2.95, 31, -9],
							"size": [0, 1, 1],
							"inflate": 0.01,
							"uv": {
								"north": {"uv": [14, 28], "uv_size": [0, 1]},
								"east": {"uv": [15, 28], "uv_size": [-1, 1]},
								"south": {"uv": [15, 28], "uv_size": [0, 1]},
								"west": {"uv": [14, 28], "uv_size": [-1, 1]},
								"up": {"uv": [14, 27], "uv_size": [0, 1]},
								"down": {"uv": [14, 28], "uv_size": [0, -1]}
							}
						}
					]
				},
				{
					"name": "muzzle",
					"parent": "neck0",
					"pivot": [0, 30.5, -11],
					"cubes": [
						{"origin": [-2, 28, -16], "size": [4, 5, 5], "uv": [0, 25]}
					]
				},
				{
					"name": "mule_ear_right",
					"parent": "neck0",
					"pivot": [-2, 33, -4.5],
					"rotation": [0, 0, -15],
					"cubes": [
						{"origin": [-3.20925, 32.02755, -5], "size": [2, 7, 1], "inflate": 0.02, "uv": [0, 12]}
					]
				},
				{
					"name": "mule_ear_left",
					"parent": "neck0",
					"pivot": [2, 33, -4.5],
					"rotation": [0, 0, 15],
					"cubes": [
						{"origin": [1.20925, 32.02755, -5], "size": [2, 7, 1], "inflate": 0.02, "uv": [0, 12], "mirror": true}
					]
				},
				{
					"name": "bridle",
					"parent": "neck0",
					"pivot": [0, 17, -8],
					"cubes": [
						{"origin": [-3, 28, -11], "size": [6, 5, 7], "inflate": 0.25, "uv": [0, 0]},
						{"origin": [2, 29, -14], "size": [1, 2, 2], "uv": [29, 5]},
						{"origin": [-3, 29, -14], "size": [1, 2, 2], "uv": [29, 5], "mirror": true},
						{"origin": [-2, 28, -13], "size": [4, 5, 2], "inflate": 0.25, "uv": [19, 0]}
					]
				},
				{
					"name": "reins",
					"parent": "bridle",
					"pivot": [0, 30.5, -13.5],
					"rotation": [-35, 0, 0],
					"cubes": [
						{"origin": [-3.1, 29, -13], "size": [0, 3, 16], "uv": [32, 2], "mirror": true},
						{"origin": [3.1, 29, -13], "size": [0, 3, 16], "uv": [32, 2]}
					]
				},
				{
					"name": "ear_right",
					"parent": "neck0",
					"pivot": [-2, 33, -4.5],
					"cubes": [
						{"origin": [-3, 32, -5], "size": [2, 3, 1], "inflate": 0.02, "uv": [19, 16]}
					]
				},
				{
					"name": "ear_left",
					"parent": "neck0",
					"pivot": [2, 33, -4.5],
					"cubes": [
						{"origin": [1, 32, -5], "size": [2, 3, 1], "inflate": 0.02, "uv": [19, 16], "mirror": true}
					]
				},
				{
					"name": "leg1",
					"parent": "root",
					"pivot": [3, 11, 9]
				},
				{
					"name": "leg1_root",
					"parent": "leg1",
					"pivot": [3, 0, 9],
					"cubes": [
						{"origin": [1, 0, 7], "size": [4, 11, 4], "uv": [48, 21], "mirror": true}
					]
				},
				{
					"name": "leg0",
					"parent": "root",
					"pivot": [-3, 11, 9]
				},
				{
					"name": "leg0_root",
					"parent": "leg0",
					"pivot": [-3, 0, 9],
					"cubes": [
						{"origin": [-5, 0, 7], "size": [4, 11, 4], "uv": [48, 21]}
					]
				},
				{
					"name": "leg2",
					"parent": "root",
					"pivot": [-3, 11, -9]
				},
				{
					"name": "leg2_root",
					"parent": "leg2",
					"pivot": [-3, 0, -9],
					"cubes": [
						{"origin": [-5, 0, -11], "size": [4, 11, 4], "uv": [48, 21]}
					]
				},
				{
					"name": "leg3",
					"parent": "root",
					"pivot": [3, 11, -9]
				},
				{
					"name": "leg3_root",
					"parent": "leg3",
					"pivot": [3, 0, -9],
					"cubes": [
						{"origin": [1, 0, -11], "size": [4, 11, 4], "uv": [48, 21], "mirror": true}
					]
				}
			]
		}
	]
}