{
	"format_version": "1.12.0",
	"minecraft:geometry": [
		{
			"description": {
				"identifier": "geometry.irongolem",
				"texture_width": 128,
				"texture_height": 128,
				"visible_bounds_width": 3,
				"visible_bounds_height": 4,
				"visible_bounds_offset": [0, 2, 0]
			},
			"bones": [
				{
					"name": "root",
					"pivot": [0, 0, 0]
				},
				{
					"name": "waist",
					"parent": "root",
					"pivot": [0, 16, 0]
				},
				{
					"name": "body",
					"parent": "waist",
					"pivot": [0, 32, 0],
					"cubes": [
						{"origin": [-4.5, 16, -3], "size": [9, 5, 6], "inflate": 0.5, "uv": [0, 70]},
						{"origin": [-9, 21, -6], "size": [18, 12, 11], "uv": [0, 40]}
					]
				},
				{
					"name": "arm0",
					"parent": "body",
					"pivot": [-10, 31, 0],
					"cubes": [
						{"origin": [-13, 3.5, -3], "size": [4, 30, 6], "uv": [60, 21]}
					]
				},
				{
					"name": "arm1",
					"parent": "body",
					"pivot": [10, 31, 0],
					"cubes": [
						{"origin": [9, 3.5, -3], "size": [4, 30, 6], "uv": [60, 58]}
					]
				},
				{
					"name": "head",
					"parent": "body",
					"pivot": [0, 33, -2],
					"cubes": [
						{"origin": [-4, 33, -7.5], "size": [8, 10, 8], "uv": [0, 0]},
						{"origin": [0, 35, -7.44], "size": [4, 4, 0], "uv": [0, 0], "mirror": true},
						{"origin": [-4, 35, -7.44], "size": [4, 4, 0], "uv": [0, 0]}
					],
					"locators": {
						"lead": [0, 31, -2]
					}
				},
				{
					"name": "nose",
					"parent": "head",
					"pivot": [0, 35.5, -8],
					"cubes": [
						{"origin": [-1, 32, -9.5], "size": [2, 4, 2], "uv": [24, 0]}
					]
				},
				{
					"name": "eyebrow",
					"parent": "head",
					"pivot": [0, 38.5, -7],
					"cubes": [
						{"origin": [-4, 38, -7.5], "size": [8, 1, 1], "inflate": 0.05, "uv": [0, 18]}
					]
				},
				{
					"name": "eyelids",
					"parent": "head",
					"pivot": [0, 33, -2],
					"cubes": [
						{"origin": [-4, 33, -7.48], "size": [4, 3, 0], "uv": [0, 5]},
						{"origin": [0, 33, -7.48], "size": [4, 3, 0], "uv": [0, 5], "mirror": true}
					]
				},
				{
					"name": "pupil_right",
					"parent": "head",
					"pivot": [-2.5, 36.5, -7.4]
				},
				{
					"name": "pupil_right_in",
					"parent": "pupil_right",
					"pivot": [-2, 36.5, -7]
				},
				{
					"name": "pupil_right_out",
					"parent": "pupil_right_in",
					"pivot": [-3, 36.5, -7]
				},
				{
					"name": "pupil_right_top",
					"parent": "pupil_right_out",
					"pivot": [-2.5, 37, -7]
				},
				{
					"name": "pupil_right_bottom",
					"parent": "pupil_right_top",
					"pivot": [-2.5, 36, -7],
					"cubes": [
						{"origin": [-3.01, 36, -7.46], "size": [1.01, 1.01, 0], "uv": [0, 4]}
					]
				},
				{
					"name": "pupil_left",
					"parent": "head",
					"pivot": [2.5, 36.5, -7.4]
				},
				{
					"name": "pupil_left_in",
					"parent": "pupil_left",
					"pivot": [2, 36.5, -7]
				},
				{
					"name": "pupil_left_out",
					"parent": "pupil_left_in",
					"pivot": [3, 36.5, -7]
				},
				{
					"name": "pupil_left_top",
					"parent": "pupil_left_out",
					"pivot": [2.5, 37, -7]
				},
				{
					"name": "pupil_left_bottom",
					"parent": "pupil_left_top",
					"pivot": [2.5, 36, -7],
					"cubes": [
						{"origin": [2, 36, -7.46], "size": [1.01, 1.01, 0], "uv": [0, 4], "mirror": true}
					]
				},
				{
					"name": "leg1",
					"parent": "root",
					"pivot": [4.5, 16, 0]
				},
				{
					"name": "leg1_root",
					"parent": "leg1",
					"pivot": [4.5, 0, 0],
					"mirror": true,
					"cubes": [
						{"origin": [1.5, 0, -3], "size": [6, 16, 5], "uv": [60, 0]}
					]
				},
				{
					"name": "leg2",
					"parent": "root",
					"pivot": [-4.5, 16, 0]
				},
				{
					"name": "leg2_root",
					"parent": "leg2",
					"pivot": [-4.5, 0, 0],
					"mirror": true,
					"cubes": [
						{"origin": [-7.5, 0, -3], "size": [6, 16, 5], "uv": [60, 0], "mirror": false}
					]
				}
			]
		}
	]
}