{
	"format_version": "1.12.0",
	"minecraft:geometry": [
		{
			"description": {
				"identifier": "geometry.llama",
				"texture_width": 128,
				"texture_height": 64,
				"visible_bounds_width": 3,
				"visible_bounds_height": 3.25,
				"visible_bounds_offset": [0, 1.375, 0]
			},
			"bones": [
				{
					"name": "all",
					"pivot": [0, 0, 0]
				},
				{
					"name": "root",
					"parent": "all",
					"pivot": [0, 19, -5]
				},
				{
					"name": "body",
					"parent": "root",
					"pivot": [0, 13, 0]
				},
				{
					"name": "body_rotation",
					"parent": "body",
					"pivot": [0, 17, 0],
					"rotation": [90, 0, 0],
					"cubes": [
						{"origin": [-6, 7, -5], "size": [12, 18, 10], "uv": [29, 0]}
					]
				},
				{
					"name": "chest1",
					"parent": "body",
					"pivot": [-6.5, 20, 2],
					"rotation": [0, 90, 0],
					"cubes": [
						{"origin": [-10.5, 13, 0], "size": [8, 8, 3], "uv": [45, 28]}
					]
				},
				{
					"name": "chest2",
					"parent": "body",
					"pivot": [5.5, 20, 2],
					"rotation": [0, 90, 0],
					"cubes": [
						{"origin": [1.5, 13, 2], "size": [8, 8, 3], "uv": [45, 41]}
					]
				},
				{
					"name": "head",
					"parent": "body",
					"pivot": [0, 18, -8],
					"cubes": [
						{"origin": [-4, 15, -12], "size": [8, 18, 6], "uv": [0, 14]}
					],
					"locators": {
						"lead": [0, 18, -11]
					}
				},
				{
					"name": "muzzle",
					"parent": "head",
					"pivot": [0, 29, -12],
					"cubes": [
						{"origin": [-2, 27, -16], "size": [4, 4, 9], "uv": [0, 0]}
					]
				},
				{
					"name": "ear_left",
					"parent": "head",
					"pivot": [-2.5, 33, -9],
					"cubes": [
						{"origin": [-4, 33, -10], "size": [3, 3, 2], "uv": [17, 0]}
					]
				},
				{
					"name": "ear_right",
					"parent": "head",
					"pivot": [2.5, 33, -9],
					"cubes": [
						{"origin": [1, 33, -10], "size": [3, 3, 2], "uv": [17, 0], "mirror": true}
					]
				},
				{
					"name": "eyes",
					"parent": "head",
					"pivot": [0, 30, -12],
					"cubes": [
						{"origin": [-3, 30, -12.05], "size": [1, 1, 0], "uv": [25, 0]},
						{"origin": [2, 30, -12.05], "size": [1, 1, 0], "uv": [25, 0], "mirror": true}
					]
				},
				{
					"name": "leg0",
					"parent": "root",
					"pivot": [-3.5, 14, 6]
				},
				{
					"name": "leg0_root",
					"parent": "leg0",
					"pivot": [-3.5, 0, 6],
					"cubes": [
						{"origin": [-5.5, 0, 4], "size": [4, 14, 4], "uv": [29, 29]}
					]
				},
				{
					"name": "leg2",
					"parent": "root",
					"pivot": [-3.5, 14, -5]
				},
				{
					"name": "leg2_root",
					"parent": "leg2",
					"pivot": [-3.5, 0, -5],
					"cubes": [
						{"origin": [-5.5, 0, -7], "size": [4, 14, 4], "uv": [29, 29]}
					]
				},
				{
					"name": "leg3",
					"parent": "root",
					"pivot": [3.5, 14, -5]
				},
				{
					"name": "leg3_root",
					"parent": "leg3",
					"pivot": [3.5, 0, -5],
					"cubes": [
						{"origin": [1.5, 0, -7], "size": [4, 14, 4], "uv": [29, 29], "mirror": true}
					]
				},
				{
					"name": "leg1",
					"parent": "root",
					"pivot": [3.5, 14, 6]
				},
				{
					"name": "leg1_root",
					"parent": "leg1",
					"pivot": [3.5, 0, 6],
					"cubes": [
						{"origin": [1.5, 0, 4], "size": [4, 14, 4], "uv": [29, 29], "mirror": true}
					]
				}
			]
		}
	]
}