{
	"format_version": "1.12.0",
	"minecraft:geometry": [
		{
			"description": {
				"identifier": "geometry.pig",
				"texture_width": 64,
				"texture_height": 32,
				"visible_bounds_width": 3,
				"visible_bounds_height": 3.125,
				"visible_bounds_offset": [0, 1.4375, 0]
			},
			"bones": [
				{
					"name": "all",
					"pivot": [0, 0, 0]
				},
				{
					"name": "root",
					"parent": "all",
					"pivot": [0, 17, -6]
				},
				{
					"name": "body",
					"parent": "root",
					"pivot": [0, 7, -1]
				},
				{
					"name": "body_rotation",
					"parent": "body",
					"pivot": [0, 10, -6],
					"rotation": [90, 0, 0],
					"cubes": [
						{"origin": [-5, -3, -10], "size": [10, 16, 8], "inflate": 0.07, "uv": [28, 8]}
					]
				},
				{
					"name": "leg0",
					"parent": "root",
					"pivot": [-3, 6, 6]
				},
				{
					"name": "leg0_root",
					"parent": "leg0",
					"pivot": [-3, 0, 6],
					"cubes": [
						{"origin": [-5, 0, 4], "size": [4, 6, 4], "uv": [0, 16]}
					]
				},
				{
					"name": "leg1",
					"parent": "root",
					"pivot": [3, 6, 6]
				},
				{
					"name": "leg1_root",
					"parent": "leg1",
					"pivot": [3, 0, 6],
					"cubes": [
						{"origin": [1, 0, 4], "size": [4, 6, 4], "uv": [0, 16], "mirror": true}
					]
				},
				{
					"name": "leg2",
					"parent": "root",
					"pivot": [-3, 6, -6]
				},
				{
					"name": "leg2_root",
					"parent": "leg2",
					"pivot": [-3, 0, -6],
					"cubes": [
						{"origin": [-5, 0, -8], "size": [4, 6, 4], "uv": [0, 16]}
					]
				},
				{
					"name": "leg3",
					"parent": "root",
					"pivot": [3, 6, -6]
				},
				{
					"name": "leg3_root",
					"parent": "leg3",
					"pivot": [3, 0, -6],
					"cubes": [
						{"origin": [1, 0, -8], "size": [4, 6, 4], "uv": [0, 16], "mirror": true}
					]
				},
				{
					"name": "head",
					"parent": "root",
					"pivot": [0, 12, -8],
					"cubes": [
						{"origin": [-4, 8, -15], "size": [8, 8, 8], "uv": [0, 0]},
						{"origin": [-4, 11, -14.94], "size": [3, 4, 0], "uv": [0, 2]},
						{"origin": [1, 11, -14.94], "size": [3, 4, 0], "uv": [0, 2], "mirror": true}
					],
					"locators": {
						"lead": [0, 12, -9]
					}
				},
				{
					"name": "muzzle",
					"parent": "head",
					"pivot": [0, 9.5, -15.25],
					"cubes": [
						{"origin": [-2, 9, -16], "size": [4, 3, 1], "uv": [16, 16]}
					]
				},
				{
					"name": "pupil_right",
					"parent": "head",
					"pivot": [-3.5, 12.5, -15]
				},
				{
					"name": "pupil_right_in",
					"parent": "pupil_right",
					"pivot": [-3, 12.5, -15]
				},
				{
					"name": "pupil_right_out",
					"parent": "pupil_right_in",
					"pivot": [-4, 12.5, -15]
				},
				{
					"name": "pupil_right_top",
					"parent": "pupil_right_out",
					"pivot": [-3.5, 13, -15]
				},
				{
					"name": "pupil_right_bottom",
					"parent": "pupil_right_top",
					"pivot": [-3.5, 12, -15],
					"cubes": [
						{"origin": [-4, 11.99, -14.96], "size": [1.01, 1.01, 0], "uv": [0, 1]}
					]
				},
				{
					"name": "pupil_left",
					"parent": "head",
					"pivot": [3.5, 12.5, -15]
				},
				{
					"name": "pupil_left_in",
					"parent": "pupil_left",
					"pivot": [3, 12.5, -15]
				},
				{
					"name": "pupil_left_out",
					"parent": "pupil_left_in",
					"pivot": [4, 12.5, -15]
				},
				{
					"name": "pupil_left_top",
					"parent": "pupil_left_out",
					"pivot": [3.5, 13, -15]
				},
				{
					"name": "pupil_left_bottom",
					"parent": "pupil_left_top",
					"pivot": [3.5, 12, -15],
					"cubes": [
						{"origin": [2.99, 11.99, -14.96], "size": [1.01, 1.01, 0], "uv": [0, 1], "mirror": true}
					]
				},
				{
					"name": "eyebrows",
					"parent": "head",
					"pivot": [0, 13, -14],
					"cubes": [
						{"origin": [-4, 13, -14.98], "size": [2, 2.02, 0], "uv": [2, 0]},
						{"origin": [-4, 13, -15.02], "size": [2, 1, 0], "uv": [2, 1]},
						{"origin": [2, 13, -15.02], "size": [2, 1, 0], "uv": [2, 1], "mirror": true},
						{"origin": [2, 13, -14.98], "size": [2, 2.02, 0], "uv": [2, 0], "mirror": true}
					]
				}
			]
		}
	]
}