{
	"format_version": "1.12.0",
	"minecraft:geometry": [
		{
			"description": {
				"identifier": "geometry.ravager",
				"texture_width": 128,
				"texture_height": 128,
				"visible_bounds_width": 4,
				"visible_bounds_height": 3.5,
				"visible_bounds_offset": [0, 1.25, 0]
			},
			"bones": [
				{
					"name": "root",
					"pivot": [0, 0, 0]
				},
				{
					"name": "neck",
					"parent": "root",
					"pivot": [0, 26.5, 2],
					"cubes": [
						{"origin": [-5, 21, -14], "size": [10, 10, 18], "uv": [68, 73]}
					]
				},
				{
					"name": "head",
					"parent": "neck",
					"pivot": [0, 26.5, -14],
					"cubes": [
						{"origin": [-8, 14, -28], "size": [16, 20, 16], "uv": [0, 0]},
						{"origin": [-7, 19, -27.94], "size": [6, 4, 0], "uv": [0, 12]},
						{"origin": [1, 19, -27.94], "size": [6, 4, 0], "uv": [0, 12], "mirror": true}
					],
					"locators": {
						"stun": [0, 32, -19]
					}
				},
				{
					"name": "nose",
					"parent": "head",
					"pivot": [0, 19, -29],
					"cubes": [
						{"origin": [-2, 12, -32], "size": [4, 8, 4], "uv": [0, 0]}
					]
				},
				{
					"name": "mouth",
					"parent": "head",
					"pivot": [0, 16, -14],
					"cubes": [
						{"origin": [-8, 13, -28], "size": [16, 3, 16], "inflate": 0.05, "uv": [0, 36]}
					]
				},
				{
					"name": "horns",
					"parent": "head",
					"pivot": [0, 27, -23],
					"rotation": [60, 0, 0],
					"cubes": [
						{"origin": [-10, 27, -24], "size": [2, 14, 4], "uv": [74, 55]},
						{"origin": [8, 27, -24], "size": [2, 14, 4], "uv": [74, 55]}
					]
				},
				{
					"name": "eyebrow",
					"parent": "head",
					"pivot": [0, 22, -28],
					"cubes": [
						{"origin": [-8, 21, -28.02], "size": [16, 2, 0], "uv": [48, 50]}
					]
				},
				{
					"name": "eyelids",
					"parent": "head",
					"pivot": [0, 21, -28],
					"cubes": [
						{"origin": [-8, 21, -27.98], "size": [16, 2, 0], "uv": [48, 48]}
					]
				},
				{
					"name": "pupil_right",
					"parent": "head",
					"pivot": [-3, 20.5, -28]
				},
				{
					"name": "pupil_right_in",
					"parent": "pupil_right",
					"pivot": [-2, 20.5, -28]
				},
				{
					"name": "pupil_right_out",
					"parent": "pupil_right_in",
					"pivot": [-4, 20.5, -28]
				},
				{
					"name": "pupil_right_top",
					"parent": "pupil_right_out",
					"pivot": [-3, 21.5, -28]
				},
				{
					"name": "pupil_right_bottom",
					"parent": "pupil_right_top",
					"pivot": [-3, 19.5, -28],
					"cubes": [
						{"origin": [-4.01, 19.99, -27.96], "size": [2.02, 1.02, 0], "uv": [12, 12]}
					]
				},
				{
					"name": "pupil_left",
					"parent": "head",
					"pivot": [3, 20.5, -28]
				},
				{
					"name": "pupil_left_in",
					"parent": "pupil_left",
					"pivot": [2, 20.5, -28]
				},
				{
					"name": "pupil_left_out",
					"parent": "pupil_left_in",
					"pivot": [4, 20.5, -28]
				},
				{
					"name": "pupil_left_top",
					"parent": "pupil_left_out",
					"pivot": [3, 21.5, -28]
				},
				{
					"name": "pupil_left_bottom",
					"parent": "pupil_left_top",
					"pivot": [3, 19.5, -28],
					"cubes": [
						{"origin": [1.99, 19.99, -27.96], "size": [2.02, 1.02, 0], "uv": [12, 12], "mirror": true}
					]
				},
				{
					"name": "body",
					"parent": "root",
					"pivot": [0, 18, 0]
				},
				{
					"name": "body_rotation",
					"parent": "body",
					"pivot": [0, 19, -2],
					"rotation": [90, 0, 0],
					"cubes": [
						{"origin": [-7, 10, -6], "size": [14, 16, 20], "uv": [0, 55]},
						{"origin": [-6, -3, -6], "size": [12, 13, 18], "uv": [0, 91]}
					]
				},
				{
					"name": "leg0",
					"parent": "root",
					"pivot": [-8, 30, 17]
				},
				{
					"name": "leg0_root",
					"parent": "leg0",
					"pivot": [-8, 0, 17],
					"cubes": [
						{"origin": [-12, 0, 13], "size": [8, 37, 8], "uv": [96, 0]}
					]
				},
				{
					"name": "leg1",
					"parent": "root",
					"pivot": [8, 30, 17]
				},
				{
					"name": "leg1_root",
					"parent": "leg1",
					"pivot": [8, 0, 17],
					"cubes": [
						{"origin": [4, 0, 13], "size": [8, 37, 8], "uv": [96, 0], "mirror": true}
					]
				},
				{
					"name": "leg2",
					"parent": "root",
					"pivot": [-8, 26, -8]
				},
				{
					"name": "leg2_root",
					"parent": "leg2",
					"pivot": [-8, 0, -8],
					"cubes": [
						{"origin": [-12, 0, -12], "size": [8, 37, 8], "uv": [64, 0]}
					]
				},
				{
					"name": "leg3",
					"parent": "root",
					"pivot": [8, 26, -8]
				},
				{
					"name": "leg3_root",
					"parent": "leg3",
					"pivot": [8, 0, -8],
					"cubes": [
						{"origin": [4, 0, -12], "size": [8, 37, 8], "uv": [64, 0], "mirror": true}
					]
				}
			]
		}
	]
}