{
	"format_version": "1.12.0",
	"minecraft:geometry": [
		{
			"description": {
				"identifier": "geometry.sheep",
				"texture_width": 64,
				"texture_height": 64,
				"visible_bounds_width": 3,
				"visible_bounds_height": 3.125,
				"visible_bounds_offset": [0, 1.4375, 0]
			},
			"bones": [
				{
					"name": "all",
					"pivot": [0, 0, 0]
				},
				{
					"name": "root",
					"parent": "all",
					"pivot": [0, 17, -6]
				},
				{
					"name": "body",
					"parent": "root",
					"pivot": [0, 12, -1]
				},
				{
					"name": "body_rotation",
					"parent": "body",
					"pivot": [0, 15, -6],
					"rotation": [90, 0, 0],
					"cubes": [
						{"origin": [-4, 2, -9], "size": [8, 16, 6], "inflate": 0.07, "uv": [28, 8]}
					]
				},
				{
					"name": "wool0",
					"parent": "body_rotation",
					"pivot": [0, 9, -6],
					"cubes": [
						{"origin": [-4, 1, -9], "size": [8, 16, 6], "inflate": 1.75, "uv": [28, 40]}
					]
				},
				{
					"name": "leg0",
					"parent": "root",
					"pivot": [-3, 12, 6]
				},
				{
					"name": "leg0_root",
					"parent": "leg0",
					"pivot": [-3, 0, 6],
					"cubes": [
						{"origin": [-5, 0, 4], "size": [4, 12, 4], "uv": [0, 16]}
					]
				},
				{
					"name": "wool1",
					"parent": "leg0_root",
					"pivot": [-3, 9, 6],
					"cubes": [
						{"origin": [-5, 6, 4], "size": [4, 6, 4], "inflate": 0.5, "uv": [0, 48]}
					]
				},
				{
					"name": "leg1",
					"parent": "root",
					"pivot": [3, 12, 6]
				},
				{
					"name": "leg1_root",
					"parent": "leg1",
					"pivot": [3, 0, 6],
					"cubes": [
						{"origin": [1, 0, 4], "size": [4, 12, 4], "uv": [0, 16], "mirror": true}
					]
				},
				{
					"name": "wool2",
					"parent": "leg1_root",
					"pivot": [3, 9, 6],
					"cubes": [
						{"origin": [1, 6, 4], "size": [4, 6, 4], "inflate": 0.5, "uv": [0, 48], "mirror": true}
					]
				},
				{
					"name": "leg2",
					"parent": "root",
					"pivot": [-3, 12, -6]
				},
				{
					"name": "leg2_root",
					"parent": "leg2",
					"pivot": [-3, 0, -6],
					"cubes": [
						{"origin": [-5, 0, -8], "size": [4, 12, 4], "uv": [0, 16]}
					]
				},
				{
					"name": "wool3",
					"parent": "leg2_root",
					"pivot": [-3, 9, -6],
					"cubes": [
						{"origin": [-5, 6, -8], "size": [4, 6, 4], "inflate": 0.5, "uv": [0, 48]}
					]
				},
				{
					"name": "leg3",
					"parent": "root",
					"pivot": [3, 12, -6]
				},
				{
					"name": "leg3_root",
					"parent": "leg3",
					"pivot": [3, 0, -6],
					"cubes": [
						{"origin": [1, 0, -8], "size": [4, 12, 4], "uv": [0, 16], "mirror": true}
					]
				},
				{
					"name": "wool4",
					"parent": "leg3_root",
					"pivot": [3, 9, -6],
					"cubes": [
						{"origin": [1, 6, -8], "size": [4, 6, 4], "inflate": 0.5, "uv": [0, 48], "mirror": true}
					]
				},
				{
					"name": "head",
					"parent": "root",
					"pivot": [0, 18, -9],
					"cubes": [
						{"origin": [-3, 16, -15], "size": [6, 6, 8], "uv": [0, 0]},
						{"origin": [-3, 18, -14.94], "size": [3, 4, 0], "uv": [0, 2]},
						{"origin": [0, 18, -14.94], "size": [3, 4, 0], "uv": [0, 2], "mirror": true}
					],
					"locators": {
						"lead": [0, 19, -9]
					}
				},
				{
					"name": "pupil_right",
					"parent": "head",
					"pivot": [-2.5, 19.5, -15]
				},
				{
					"name": "pupil_right_in",
					"parent": "pupil_right",
					"pivot": [-2, 19.5, -15]
				},
				{
					"name": "pupil_right_out",
					"parent": "pupil_right_in",
					"pivot": [-3, 19.5, -15]
				},
				{
					"name": "pupil_right_top",
					"parent": "pupil_right_out",
					"pivot": [-2.5, 20, -15]
				},
				{
					"name": "pupil_right_bottom",
					"parent": "pupil_right_top",
					"pivot": [-2.5, 19, -15],
					"cubes": [
						{"origin": [-3, 18.99, -14.96], "size": [1.01, 1.01, 0], "uv": [0, 1]}
					]
				},
				{
					"name": "pupil_left",
					"parent": "head",
					"pivot": [2.5, 19.5, -15]
				},
				{
					"name": "pupil_left_in",
					"parent": "pupil_left",
					"pivot": [2, 19.5, -15]
				},
				{
					"name": "pupil_left_out",
					"parent": "pupil_left_in",
					"pivot": [3, 19.5, -15]
				},
				{
					"name": "pupil_left_top",
					"parent": "pupil_left_out",
					"pivot": [2.5, 20, -15]
				},
				{
					"name": "pupil_left_bottom",
					"parent": "pupil_left_top",
					"pivot": [2.5, 19, -15],
					"cubes": [
						{"origin": [1.99, 18.99, -14.96], "size": [1.01, 1.01, 0], "uv": [0, 1], "mirror": true}
					]
				},
				{
					"name": "eyebrows",
					"parent": "head",
					"pivot": [0, 20, -15],
					"cubes": [
						{"origin": [-3, 20, -15.02], "size": [2, 1, 0], "uv": [2, 1]},
						{"origin": [1, 20, -15.02], "size": [2, 1, 0], "uv": [2, 1], "mirror": true}
					]
				},
				{
					"name": "eyelids",
					"parent": "eyebrows",
					"pivot": [0, 20, -15],
					"cubes": [
						{"origin": [1, 20, -14.98], "size": [2, 2, 0], "uv": [2, 0], "mirror": true},
						{"origin": [-3, 20, -14.98], "size": [2, 2, 0], "uv": [2, 0]}
					]
				},
				{
					"name": "wool5",
					"parent": "head",
					"pivot": [0, 19, -10],
					"cubes": [
						{"origin": [-3, 16, -13], "size": [6, 6, 6], "inflate": 0.6, "uv": [0, 32]}
					]
				}
			]
		}
	]
}