{
	"format_version": "1.12.0",
	"minecraft:geometry": [
		{
			"description": {
				"identifier": "geometry.witch",
				"texture_width": 64,
				"texture_height": 128,
				"visible_bounds_width": 3,
				"visible_bounds_height": 4,
				"visible_bounds_offset": [0, 2, 0]
			},
			"bones": [
				{
					"name": "root",
					"pivot": [0, 0, 0]
				},
				{
					"name": "waist",
					"parent": "root",
					"pivot": [0, 12, 0]
				},
				{
					"name": "body",
					"parent": "waist",
					"pivot": [0, 22, 0],
					"cubes": [
						{"origin": [-4, 12, -3], "size": [8, 12, 6], "uv": [16, 20]}
					]
				},
				{
					"name": "cloak",
					"parent": "body",
					"pivot": [0, 24, 0],
					"cubes": [
						{"origin": [-4, 6, -3], "size": [8, 18, 6], "inflate": 0.5, "uv": [0, 38]}
					]
				},
				{
					"name": "arms",
					"parent": "body",
					"pivot": [0, 21, -1],
					"rotation": [-42.97, 0, 0],
					"cubes": [
						{"origin": [-4, 15, -3], "size": [8, 4, 4], "uv": [40, 38]},
						{"origin": [-8, 15, -3], "size": [4, 8, 4], "uv": [44, 22]},
						{"origin": [4, 15, -3], "size": [4, 8, 4], "uv": [44, 22], "mirror": true}
					]
				},
				{
					"name": "held_item",
					"parent": "arms",
					"pivot": [0, -1, -1],
					"locators": {
						"lead_hold": [0, 17, -1]
					}
				},
				{
					"name": "head",
					"parent": "body",
					"pivot": [0, 24, 0],
					"cubes": [
						{"origin": [-4, 24, -4], "size": [8, 10, 8], "uv": [0, 0]},
						{"origin": [-4, 26, -3.94], "size": [4, 4, 0], "uv": [0, 1]},
						{"origin": [0, 26, -3.94], "size": [4, 4, 0], "uv": [0, 1], "mirror": true}
					]
				},
				{
					"name": "nose",
					"parent": "head",
					"pivot": [0, 26.5, -4.5],
					"cubes": [
						{"origin": [-1, 23, -6], "size": [2, 4, 2], "uv": [24, 0]},
						{"origin": [0, 25, -6.75], "size": [1, 1, 1], "inflate": -0.25, "uv": [0, 6]}
					]
				},
				{
					"name": "pupil_right",
					"parent": "head",
					"pivot": [-1.5, 27.5, -4]
				},
				{
					"name": "pupil_right_in",
					"parent": "pupil_right",
					"pivot": [-1, 27.5, -4]
				},
				{
					"name": "pupil_right_out",
					"parent": "pupil_right_in",
					"pivot": [-2, 27.5, -4]
				},
				{
					"name": "pupil_right_up",
					"parent": "pupil_right_out",
					"pivot": [-1.5, 28, -4]
				},
				{
					"name": "pupil_right_down",
					"parent": "pupil_right_up",
					"pivot": [-1.5, 27, -4],
					"cubes": [
						{"origin": [-2, 27, -3.96], "size": [1, 1, 0], "uv": [0, 5]}
					]
				},
				{
					"name": "pupil_left",
					"parent": "head",
					"pivot": [1.5, 27.5, -4]
				},
				{
					"name": "pupil_left_in",
					"parent": "pupil_left",
					"pivot": [1, 27.5, -4]
				},
				{
					"name": "pupil_left_out",
					"parent": "pupil_left_in",
					"pivot": [2, 27.5, -4]
				},
				{
					"name": "pupil_left_up",
					"parent": "pupil_left_out",
					"pivot": [1.5, 28, -4]
				},
				{
					"name": "pupil_left_down",
					"parent": "pupil_left_up",
					"pivot": [1.5, 27, -4],
					"cubes": [
						{"origin": [1, 27, -3.96], "size": [1, 1, 0], "uv": [0, 5], "mirror": true}
					]
				},
				{
					"name": "eyelids",
					"parent": "head",
					"pivot": [0, 28, -4],
					"cubes": [
						{"origin": [-4, 28, -3.98], "size": [4, 3, 0], "uv": [32, 3]},
						{"origin": [0, 28, -3.98], "size": [4, 3, 0], "uv": [32, 3], "mirror": true}
					]
				},
				{
					"name": "eyebrow",
					"parent": "head",
					"pivot": [0, 28.5, -4],
					"cubes": [
						{"origin": [-3, 28, -4.02], "size": [6, 1, 0], "uv": [24, 6]}
					]
				},
				{
					"name": "hat",
					"parent": "head",
					"pivot": [0, 32.03125, 0],
					"cubes": [
						{"origin": [-5, 32.05, -5], "size": [10, 2, 10], "uv": [0, 64]}
					]
				},
				{
					"name": "hat2",
					"parent": "hat",
					"pivot": [1.75, 32, 2],
					"rotation": [-3, 0, 1.5],
					"cubes": [
						{"origin": [-3.25, 33.5, -3], "size": [7, 4, 7], "uv": [0, 76]}
					]
				},
				{
					"name": "hat3",
					"parent": "hat2",
					"pivot": [1.75, 35, 2],
					"rotation": [-6, 0, 3],
					"cubes": [
						{"origin": [-1.5, 36.5, -1], "size": [4, 4, 4], "uv": [0, 87]}
					]
				},
				{
					"name": "hat4",
					"parent": "hat3",
					"pivot": [1.75, 38, 2],
					"rotation": [-12, 0, 6],
					"cubes": [
						{"origin": [0.25, 40, 1], "size": [1, 2, 1], "inflate": 0.25, "uv": [0, 95]}
					]
				},
				{
					"name": "rightLeg",
					"parent": "root",
					"pivot": [-2, 12, 0]
				},
				{
					"name": "rightLeg_root",
					"parent": "rightLeg",
					"pivot": [-2, 0, 0],
					"cubes": [
						{"origin": [-4, 0, -2], "size": [4, 12, 4], "uv": [0, 22]}
					]
				},
				{
					"name": "leftLeg",
					"parent": "root",
					"pivot": [2, 12, 0]
				},
				{
					"name": "leftLeg_root",
					"parent": "leftLeg",
					"pivot": [2, 0, 0],
					"cubes": [
						{"origin": [0, 0, -2], "size": [4, 12, 4], "uv": [0, 22], "mirror": true}
					]
				}
			]
		}
	]
}