{
	"format_version": "1.12.0",
	"minecraft:geometry": [
		{
			"description": {
				"identifier": "geometry.zombie_villager",
				"texture_width": 64,
				"texture_height": 64,
				"visible_bounds_width": 3,
				"visible_bounds_height": 3,
				"visible_bounds_offset": [0, 1.5, 0]
			},
			"bones": [
				{
					"name": "root",
					"pivot": [0, 0, 0]
				},
				{
					"name": "waist",
					"parent": "root",
					"pivot": [0, 12, 0]
				},
				{
					"name": "body",
					"parent": "waist",
					"pivot": [0, 22, 0],
					"cubes": [
						{"origin": [-4, 12, -3], "size": [8, 12, 6], "uv": [16, 20]}
					]
				},
				{
					"name": "cloak",
					"parent": "body",
					"pivot": [0, 24, 0],
					"cubes": [
						{"origin": [-4, 6, -3], "size": [8, 18, 6], "inflate": 0.5, "uv": [0, 38]}
					]
				},
				{
					"name": "head",
					"parent": "body",
					"pivot": [0, 24, 0],
					"cubes": [
						{"origin": [-4, 24, -4], "size": [8, 10, 8], "uv": [0, 0]},
						{"origin": [-4, 26, -3.94], "size": [4, 4, 0], "uv": [0, 1]},
						{"origin": [0, 26, -3.94], "size": [4, 4, 0], "uv": [0, 1], "mirror": true},
						{"origin": [-4, 24, -4], "size": [8, 10, 8], "inflate": 0.5, "uv": [32, 0]},
						{"origin": [-8, 16, -6], "size": [16, 16, 1], "inflate": 0.1, "pivot": [0, 24, 0], "rotation": [-90, 0, 0], "uv": [30, 47]}
					]
				},
				{
					"name": "nose",
					"parent": "head",
					"pivot": [0, 26.5, -4.5],
					"cubes": [
						{"origin": [-1, 23, -6], "size": [2, 4, 2], "uv": [24, 0]}
					]
				},
				{
					"name": "mouth",
					"parent": "head",
					"pivot": [0, 25.5, -4],
					"cubes": [
						{"origin": [-2, 25, -4.02], "size": [4, 1, 0], "uv": [0, 0]}
					]
				},
				{
					"name": "pupil_right",
					"parent": "head",
					"pivot": [-1.5, 27.5, -4]
				},
				{
					"name": "pupil_right_in",
					"parent": "pupil_right",
					"pivot": [-1, 27.5, -4]
				},
				{
					"name": "pupil_right_out",
					"parent": "pupil_right_in",
					"pivot": [-2, 27.5, -4]
				},
				{
					"name": "pupil_right_up",
					"parent": "pupil_right_out",
					"pivot": [-1.5, 28, -4]
				},
				{
					"name": "pupil_right_down",
					"parent": "pupil_right_up",
					"pivot": [-1.5, 27, -4],
					"cubes": [
						{"origin": [-2, 27, -3.96], "size": [1, 1, 0], "uv": [0, 5]}
					]
				},
				{
					"name": "pupil_left",
					"parent": "head",
					"pivot": [1.5, 27.5, -4]
				},
				{
					"name": "pupil_left_in",
					"parent": "pupil_left",
					"pivot": [1, 27.5, -4]
				},
				{
					"name": "pupil_left_out",
					"parent": "pupil_left_in",
					"pivot": [2, 27.5, -4]
				},
				{
					"name": "pupil_left_up",
					"parent": "pupil_left_out",
					"pivot": [1.5, 28, -4]
				},
				{
					"name": "pupil_left_down",
					"parent": "pupil_left_up",
					"pivot": [1.5, 27, -4],
					"cubes": [
						{"origin": [1, 27, -3.96], "size": [1, 1, 0], "uv": [0, 5], "mirror": true}
					]
				},
				{
					"name": "eyelids",
					"parent": "head",
					"pivot": [0, 28, -4],
					"cubes": [
						{"origin": [-4, 28, -3.98], "size": [4, 3, 0], "uv": [32, 3]},
						{"origin": [0, 28, -3.98], "size": [4, 3, 0], "uv": [32, 3], "mirror": true}
					]
				},
				{
					"name": "eyebrow",
					"parent": "head",
					"pivot": [0, 28.5, -4],
					"cubes": [
						{"origin": [-3, 28, -4.02], "size": [6, 1, 0], "uv": [24, 6]}
					]
				},
				{
					"name": "leftArm",
					"parent": "waist",
					"pivot": [5, 22, 0],
					"cubes": [
						{"origin": [4, 12, -2], "size": [4, 12, 4], "uv": [44, 22], "mirror": true}
					]
				},
				{
					"name": "leftItem",
					"parent": "leftArm",
					"pivot": [6, 15, 1]
				},
				{
					"name": "rightArm",
					"parent": "waist",
					"pivot": [-5, 22, 0],
					"cubes": [
						{"origin": [-8, 12, -2], "size": [4, 12, 4], "uv": [44, 22]}
					]
				},
				{
					"name": "rightItem",
					"parent": "rightArm",
					"pivot": [-6, 15, 1]
				},
				{
					"name": "rightLeg",
					"parent": "root",
					"pivot": [-2, 12, 0]
				},
				{
					"name": "rightLeg_root",
					"parent": "rightLeg",
					"pivot": [-2, 0, 0],
					"cubes": [
						{"origin": [-4, 0, -2], "size": [4, 12, 4], "uv": [0, 22]}
					]
				},
				{
					"name": "leftLeg",
					"parent": "root",
					"pivot": [2, 12, 0]
				},
				{
					"name": "leftLeg_root",
					"parent": "leftLeg",
					"pivot": [2, 0, 0],
					"cubes": [
						{"origin": [0, 0, -2], "size": [4, 12, 4], "uv": [0, 22], "mirror": true}
					]
				}
			]
		}
	]
}