{
  "format_version": "1.10.0",
  "minecraft:client_entity": {
    "description": {
      "identifier": "minecraft:player",
      "materials": {
        "default": "entity_alphatest",
        "cape": "entity_alphatest",
        "animated": "player_animated"
      },
      "textures": {
        "default": "textures/entity/steve",
        "cape": "textures/entity/cape"
      },
      "geometry": {
        "default": "geometry.humanoid",
        "cape": "geometry.cape"
      },
      "scripts": {
        "scale": "0.9375",
        "initialize": [
          "variable.is_holding_right = 0.0;",
          "variable.is_blinking = 0.0;",
          "variable.last_blink_time = 0.0;",
          "variable.hand_bob = 0.0;"
        ],
        "pre_animation": [
          "variable.helmet_layer_visible = 1.0;",
          "variable.leg_layer_visible = 1.0;",
          "variable.boot_layer_visible = 1.0;",
          "variable.chest_layer_visible = 1.0;",
          "variable.attack_body_rot_y = math.sin(360*math.sqrt(variable.attack_time)) * 5.0;",
          "variable.is_holding_fishing_rod = query.get_equipped_item_name == 'fishing_rod' ? 0.1 : 1;",
          "variable.is_third_person = !variable.is_first_person || variable.is_paperdoll;",
          "variable.tcos1 = query.is_on_ground ? (((-math.cos(query.modified_distance_moved * 58.34) - 0.7*query.modified_move_speed) * query.modified_move_speed / variable.gliding_speed_value) * 57.3/4.1) : 0;",
          "variable.tcos0 = !query.is_sneaking ? ((math.cos(query.modified_distance_moved * 29.17) * query.modified_move_speed / variable.gliding_speed_value) * 57.3) : ((math.cos(query.modified_distance_moved * 58.17) * query.modified_move_speed / variable.gliding_speed_value) * 57.3);",
          "variable.tcos2 = (math.cos(query.modified_distance_moved * 34.17 + 140) * query.modified_move_speed / variable.gliding_speed_value) * 57.3;",
          "variable.tsin2 = (math.sin(query.modified_distance_moved * 25.17 + 137) * query.modified_move_speed / variable.gliding_speed_value) * 57.3;",
          "variable.tcos3 = (math.cos(query.modified_distance_moved * 27.17 + 250) * query.modified_move_speed / variable.gliding_speed_value) * 57.3;",
          "variable.tsin3 = (math.sin(query.modified_distance_moved * 32.17 + 260) * query.modified_move_speed / variable.gliding_speed_value) * 57.3;",
          "variable.tcos4 = (math.cos(query.modified_distance_moved * 22.17 + 450) * query.modified_move_speed / variable.gliding_speed_value) * 57.3;",
          "variable.tsin4 = (math.sin(query.modified_distance_moved * 56.17 + 460) * query.modified_move_speed / variable.gliding_speed_value) * 57.3;",
          "variable.tcos5 = (math.cos(query.modified_distance_moved * 29.17) * query.modified_move_speed / variable.gliding_speed_value) * 57.3;",
          "variable.tcos6 = math.abs(math.cos(query.modified_distance_moved * 29.17) * query.modified_move_speed / variable.gliding_speed_value) * 57.3 - variable.tcos1;",
          "variable.tcos7 = (math.cos(query.modified_distance_moved * 38.17) * query.modified_move_speed / variable.gliding_speed_value) * 57.3;",
          "variable.first_person_rotation_factor = math.sin((1 - variable.attack_time) * 180.0);",
          "variable.hand_bob = query.life_time < 0.01 ? 0.0 : variable.hand_bob + ((query.is_on_ground && query.is_alive ? math.clamp(math.sqrt(math.pow(query.position_delta(0), 2.0) + math.pow(query.position_delta(2), 2.0)), 0.0, 0.1) : 0.0) - variable.hand_bob) * 0.02;",
          "variable.map_angle = math.clamp(1 - variable.player_x_rotation / 45.1, 0.0, 1.0);",
          "variable.item_use_normalized = query.main_hand_item_use_duration / query.main_hand_item_max_duration;"
        ],
        "animate": [
          "root",
          { "sprint_arms_controller": "variable.is_third_person" },
          { "in.air_controller": "variable.is_third_person" },
          { "fishing_controller": "variable.is_third_person && !query.is_swimming" },
          { "fishing_action_controller": "variable.is_third_person && !query.is_swimming" }
        ]
      },
      "animations": {
        "root": "controller.animation.player.root",
        "base_controller": "controller.animation.player.base",
        "sprint_arms_controller": "controller.animation.player.arms.sprint",
        "in.air_controller": "controller.animation.player.in.air",
        "fishing_controller": "controller.animation.player.fishing",
        "fishing_action_controller": "controller.animation.player.fishing_action",

        "move.arms.custom": "animation.player.move.arms.custom",
        "sprint.arms": "animation.player.move.arms.sprint",
        "lean.forward": "animation.player.lean.forward",
        "in.air": "animation.player.in.air",
        "in.air.root": "animation.player.in.air.root",
        "jump": "animation.player.jump",
        "fly": "animation.player.fly",
        "move.legs": "animation.player.move.legs",
        "move.arms": "animation.player.move.arms",
        "fishing": "animation.player.fishing",
        "fishing_action": "animation.player.fishing_action",
        "riding.body": "animation.player.riding.body",
        "riding.arms": "animation.player.riding.arms",
        "riding.legs": "animation.player.riding.legs",
        "holding": "animation.player.holding",
        "cape": "animation.player.cape",
        "sneaking": "animation.player.sneaking",
        "bob": "animation.player.bob"
      },
      "render_controllers": [
        { "controller.render.player.first_person": "variable.is_first_person" },
        { "controller.render.player.third_person": "!variable.is_first_person && !variable.map_face_icon" },
        { "controller.render.player.map": "variable.map_face_icon" }
      ],
      "enable_attachables": true
    }
  }
}