{
	"format_version": "1.8.0",
	"animations": {
		"animation.cow.walk": {
			"loop": true,
			"animation_length": 0.8333,
			"anim_time_update": "q.modified_distance_moved*(0.15-v.smove)",
			"blend_weight": "math.min(q.modified_move_speed*3.22, (q.is_baby ? 2 : 1))",
			"bones": {
				"leg0_root": {
					"rotation": {
						"0.0": [25, 0, 0],
						"0.0833": [13.99, 0, 0],
						"0.125": [4.92, 0, 0],
						"0.2083": [-15, 0, 0],
						"0.2917": [-24.04, 0, 0],
						"0.3333": [-26.85, 0, 0],
						"0.4167": [-25, 0, 0],
						"0.8333": [25, 0, 0]
					},
					"position": {
						"0.0": [0, 0, 5],
						"0.0833": [0, 0.78, 3.97],
						"0.125": [0, 1.22, 2.82],
						"0.2083": [0, 2, 0],
						"0.2917": [0, 1.39, -2.72],
						"0.3333": [0, 0.93, -3.97],
						"0.4167": [0, 0, -5],
						"0.8333": [0, 0, 5]
					}
				},
				"body": {
					"rotation": [0, 0, "-math.sin(q.anim_time*430-40)*3"],
					"position": [0, "-0.5+math.sin(q.anim_time*430*2)*0.5", 0]
				},
				"leg1_root": {
					"rotation": {
						"0.0": [-25, 0, 0],
						"0.4167": [25, 0, 0],
						"0.5": [13.99, 0, 0],
						"0.5417": [4.92, 0, 0],
						"0.625": [-15, 0, 0],
						"0.7083": [-24.04, 0, 0],
						"0.75": [-26.85, 0, 0],
						"0.8333": [-25, 0, 0]
					},
					"position": {
						"0.0": [0, 0, -5],
						"0.4167": [0, 0, 5],
						"0.5": [0, 0.78, 3.97],
						"0.5417": [0, 1.22, 2.82],
						"0.625": [0, 2, 0],
						"0.7083": [0, 1.39, -2.72],
						"0.75": [0, 0.93, -3.97],
						"0.8333": [0, 0, -5]
					}
				},
				"leg2_root": {
					"rotation": {
						"0.0": [0, 0, 0],
						"0.2083": [25, 0, 0],
						"0.2917": [24.96, 0, 0],
						"0.3333": [23.49, 0, 0],
						"0.4167": [15, 0, 0],
						"0.5": [-1.85, 0, 0],
						"0.5417": [-10.88, 0, 0],
						"0.625": [-25, 0, 0],
						"0.8333": [0, 0, 0]
					},
					"position": {
						"0.0": [0, 0, 0],
						"0.2083": [0, 0, 5],
						"0.2917": [0, 0.85, 3.72],
						"0.3333": [0, 1.33, 2.71],
						"0.4167": [0, 2, 0],
						"0.5": [0, 1.3, -2.32],
						"0.5417": [0, 0.86, -3.47],
						"0.625": [0, 0, -5],
						"0.8333": [0, 0, 0]
					}
				},
				"leg3_root": {
					"rotation": {
						"0.0": [15, 0, 0],
						"0.0833": [-1.85, 0, 0],
						"0.125": [-10.88, 0, 0],
						"0.2083": [-25, 0, 0],
						"0.625": [25, 0, 0],
						"0.7083": [24.96, 0, 0],
						"0.75": [23.49, 0, 0],
						"0.8333": [15, 0, 0]
					},
					"position": {
						"0.0": [0, 2, 0],
						"0.0833": [0, 1.3, -2.32],
						"0.125": [0, 0.86, -3.47],
						"0.2083": [0, 0, -5],
						"0.625": [0, 0, 5],
						"0.7083": [0, 0.85, 3.72],
						"0.75": [0, 1.33, 2.71],
						"0.8333": [0, 2, 0]
					}
				},
				"head": {
					"rotation": ["math.sin(q.anim_time*430*2)*2", 0, "-math.cos(q.anim_time*430-40)*2"],
					"position": [0, "-0.5-math.cos(q.anim_time*430*2)*0.3", 0]
				}
			}
		},
		"animation.cow.blink": {
			"loop": true,
			"animation_length": 0.75,
			"anim_time_update": "q.anim_time+q.delta_time*(q.anim_time>0.44 ? (math.random_integer(0,50)!=0 ? 0.0001 : math.random_integer(1,8)) : 1)",
			"bones": {
				"eyebrows": {
					"position": {
						"0.1667": [0, 0, 0],
						"0.2292": [0, -1, 0],
						"0.3333": [0, -1, 0],
						"0.4375": [0, 0, 0]
					}
				},
				"eyelids": {
					"scale": {
						"0.1667": [1, 1, 1],
						"0.2292": [1, 1.5, 1],
						"0.3333": [1, 1.5, 1],
						"0.4375": [1, 1, 1]
					}
				}
			}
		},
		"animation.cow.run": {
			"loop": true,
			"animation_length": 0.8333,
			"anim_time_update": "q.modified_distance_moved*0.15",
			"blend_weight": "math.min((q.modified_move_speed*6)-2, (q.is_baby ? 2 : 1))",
			"bones": {
				"body": {
					"rotation": ["-math.cos(q.anim_time*430)*3", 0, 0],
					"position": [0, "-1+math.sin(q.anim_time*430)*0.7", 0]
				},
				"leg0_root": {
					"rotation": {
						"0.0": [10.8, 0, 0],
						"0.125": [27, 0, 0],
						"0.2083": [15.67, 0, 0],
						"0.25": [6.09, 0, 0],
						"0.3333": [-15, 0, 0],
						"0.4167": [-24.31, 0, 0],
						"0.4583": [-27.8, 0, 0],
						"0.5417": [-27, 0, 0],
						"0.8333": [10.8, 0, 0]
					},
					"position": {
						"0.0": [0, 0, 2.16],
						"0.125": [0, 0, 5.4],
						"0.2083": [0, 0.85, 4.41],
						"0.25": [0, 1.33, 3.23],
						"0.3333": [0, 2, 0],
						"0.4167": [0, 1.3, -2.78],
						"0.4583": [0, 0.86, -4.16],
						"0.5417": [0, 0, -5.4],
						"0.8333": [0, 0, 2.16]
					}
				},
				"leg1_root": {
					"rotation": {
						"0.0": [27, 0, 0],
						"0.0833": [15.67, 0, 0],
						"0.125": [6.09, 0, 0],
						"0.2083": [-15, 0, 0],
						"0.2917": [-24.31, 0, 0],
						"0.3333": [-27.8, 0, 0],
						"0.4167": [-27, 0, 0],
						"0.8333": [27, 0, 0]
					},
					"position": {
						"0.0": [0, 0, 5.4],
						"0.0833": [0, 0.85, 4.41],
						"0.125": [0, 1.33, 3.23],
						"0.2083": [0, 2, 0],
						"0.2917": [0, 1.3, -2.78],
						"0.3333": [0, 0.86, -4.16],
						"0.4167": [0, 0, -5.4],
						"0.8333": [0, 0, 5.4]
					}
				},
				"leg2_root": {
					"rotation": {
						"0.0": [-27, 0, 0],
						"0.4167": [27, 0, 0],
						"0.5": [28.39, 0, 0],
						"0.5417": [26.08, 0, 0],
						"0.625": [15, 0, 0],
						"0.7083": [-4.18, 0, 0],
						"0.75": [-14.36, 0, 0],
						"0.8333": [-27, 0, 0]
					},
					"position": {
						"0.0": [0, 0, -5.4],
						"0.4167": [0, 0, 5.4],
						"0.5": [0, 0.85, 4.41],
						"0.5417": [0, 1.33, 3.23],
						"0.625": [0, 2, 0],
						"0.7083": [0, 1.3, -2.78],
						"0.75": [0, 0.86, -4.16],
						"0.8333": [0, 0, -5.4]
					}
				},
				"leg3_root": {
					"rotation": {
						"0.0": [-4.18, 0, 0],
						"0.0417": [-14.36, 0, 0],
						"0.125": [-27, 0, 0],
						"0.5417": [27, 0, 0],
						"0.625": [28.39, 0, 0],
						"0.6667": [26.08, 0, 0],
						"0.75": [15, 0, 0],
						"0.8333": [-4.18, 0, 0]
					},
					"position": {
						"0.0": [0, 1.3, -2.78],
						"0.0417": [0, 0.86, -4.16],
						"0.125": [0, 0, -5.4],
						"0.5417": [0, 0, 5.4],
						"0.625": [0, 0.85, 4.41],
						"0.6667": [0, 1.33, 3.23],
						"0.75": [0, 2, 0],
						"0.8333": [0, 1.3, -2.78]
					}
				},
				"head": {
					"rotation": ["math.sin(q.anim_time*430)*3", 0, 0],
					"position": [0, "-0.5+math.cos(q.anim_time*430)*0.6", 0]
				},
				"all": {
					"rotation": [0, 0, "-math.sin(825)*q.yaw_speed/23"]
				}
			}
		},
		"animation.cow.idle": {
			"loop": true,
			"blend_weight": "-(q.modified_move_speed*5)+1",
			"bones": {
				"body": {
					"rotation": [0, 0, "-math.sin(q.anim_time*180)"],
					"position": [0, "-0.5+math.cos(q.anim_time*180)*0.2", 0]
				},
				"leg0_root": {
					"rotation": ["math.lerp(0, 1, math.cos(q.modified_distance_moved*53.75)*10)", 0, 0],
					"position": [0, 0, "math.lerp(0, 1, math.cos(q.modified_distance_moved*53.75)*2)"]
				},
				"leg1_root": {
					"rotation": ["math.lerp(0, 1, -math.cos(q.modified_distance_moved*53.75)*10)", 0, 0],
					"position": [0, 0, "math.lerp(0, 1, -math.cos(q.modified_distance_moved*53.75)*2)"]
				},
				"leg2_root": {
					"rotation": ["math.lerp(0, 1, math.sin(q.modified_distance_moved*53.75)*10)", 0, 0],
					"position": [0, 0, "math.lerp(0, 1, math.sin(q.modified_distance_moved*53.75)*2)"]
				},
				"leg3_root": {
					"rotation": ["math.lerp(0, 1, -math.sin(q.modified_distance_moved*53.75)*10)", 0, 0],
					"position": [0, 0, "math.lerp(0, 1, -math.sin(q.modified_distance_moved*53.75)*2)"]
				},
				"head": {
					"rotation": ["math.cos(q.anim_time*180)*2", 0, "math.sin(q.anim_time*180)*2"],
					"position": [0, "-0.5+math.sin(q.anim_time*180)*0.2", 0]
				},
				"leg0": {
					"rotation": [0, -7.5, 0]
				},
				"leg1": {
					"rotation": [0, 7.5, 0]
				},
				"leg2": {
					"rotation": [0, 7.5, 0]
				},
				"leg3": {
					"rotation": [0, -7.5, 0]
				}
			}
		},
		"animation.cow.float": {
			"loop": true,
			"animation_length": 1,
			"bones": {
				"root": {
					"rotation": [-10, 0, 0]
				},
				"body": {
					"rotation": ["math.cos(q.anim_time*360)*3", 0, "math.cos(q.anim_time*360)*3"],
					"position": [0, "-1+math.sin(q.anim_time*720)*0.5", 0]
				},
				"leg0": {
					"rotation": [10, 0, 0]
				},
				"leg1": {
					"rotation": [10, 0, 0]
				},
				"leg2": {
					"rotation": [10, 0, 0]
				},
				"leg3": {
					"rotation": [10, 0, 0]
				},
				"head": {
					"rotation": ["-math.sin(q.anim_time*720)*3", 0, "math.sin(q.anim_time*360)*3"],
					"position": [0, "-0.5+math.cos(q.anim_time*720)*0.5", 0]
				},
				"leg0_root": {
					"rotation": ["math.cos(q.anim_time*360)*25+math.min(-math.sin(q.anim_time*360)*15, 0)", 0, 0],
					"position": [0, "math.sin(q.anim_time*360)*2", "math.cos(q.anim_time*360)*5"]
				},
				"leg1_root": {
					"rotation": ["-math.cos(q.anim_time*360)*25+math.min(math.sin(q.anim_time*360)*15, 0)", 0, 0],
					"position": [0, "-math.sin(q.anim_time*360)*2", "-math.cos(q.anim_time*360)*5"]
				},
				"leg2_root": {
					"rotation": ["math.sin(q.anim_time*360)*25+math.max(-math.cos(q.anim_time*360)*15, 0)", 0, 0],
					"position": [0, "-math.cos(q.anim_time*360)*2", "math.sin(q.anim_time*360)*5"]
				},
				"leg3_root": {
					"rotation": ["-math.sin(q.anim_time*360)*25+math.max(math.cos(q.anim_time*360)*15, 0)", 0, 0],
					"position": [0, "math.cos(q.anim_time*360)*2", "-math.sin(q.anim_time*360)*5"]
				}
			}
		},
		"animation.cow.landing": {
			"loop": "hold_on_last_frame",
			"animation_length": 1.125,
			"bones": {
				"body": {
					"position": {
						"0.125": [0, 1, 0],
						"0.2083": [0, 1.5, 0],
						"0.2917": [0, 0, 0],
						"0.3333": [0, -1.5, 0],
						"0.375": [0, -3, 0],
						"0.4167": [0, -3.28, 0],
						"0.4583": [0, -3, 0],
						"0.5417": [0, -2.25, 0],
						"0.6667": [0, -0.81, 0],
						"0.75": [0, 0, 0],
						"0.8333": [0, 0.06, 0],
						"0.9583": [0, 0.03, 0],
						"1.0417": [0, 0, 0]
					}
				},
				"head": {
					"position": {
						"0.2083": [0, 2, 0],
						"0.375": [0, 0, 0],
						"0.4167": [0, -1.5, 0],
						"0.4583": [0, -3, 0],
						"0.5": [0, -3.28, 0],
						"0.5417": [0, -3, 0],
						"0.625": [0, -2.25, 0],
						"0.75": [0, -0.81, 0],
						"0.8333": [0, 0, 0],
						"0.9167": [0, 0.06, 0],
						"1.0417": [0, 0.03, 0],
						"1.125": [0, 0, 0]
					}
				}
			}
		},
		"animation.cow.look_at": {
			"loop": true,
			"bones": {
				"head": {
					"relative_to": {
						"rotation": "entity"
					},
					"rotation": ["q.target_x_rotation/2", "math.clamp(q.target_y_rotation, -40, 40)", 0],
					"scale": "q.is_baby ? 1.75 : 1"
				},
				"pupil_right": {
					"position": ["math.clamp(-q.target_y_rotation/75, 0, 1)", "math.clamp(-q.target_x_rotation/150, 0, 0.2)", 0]
				},
				"pupil_left": {
					"position": ["math.clamp(-q.target_y_rotation/75, -1, 0)", "math.clamp(-q.target_x_rotation/150, 0, 0.2)", 0]
				},
				"eyebrows": {
					"position": [0, "math.clamp(math.abs(q.target_y_rotation/220)-q.target_x_rotation/150, -0.2, 0.2)", 0]
				},
				"eyelids": {
					"scale": [1, 0.7, 1]
				},
				"pupil_right_bottom": {
					"scale": [1, "math.clamp(1.5-q.target_x_rotation/75, 0.8, 1)", 1]
				},
				"pupil_left_bottom": {
					"scale": [1, "math.clamp(1.5-q.target_x_rotation/75, 0.8, 1)", 1]
				}
			}
		}
	}
}