{
	"format_version": "1.8.0",
	"animations": {
		"animation.enderman.idle": {
			"loop": true,
			"blend_weight": "-(q.modified_move_speed*5)+1",
			"bones": {
				"waist": {
					"rotation": ["-10-math.cos(q.anim_time*180)*2", 0, 0],
					"position": [0, "-0.3+math.sin(q.anim_time*180)*0.3", 0]
				},
				"rightArm": {
					"rotation": ["10+math.sin(q.anim_time*180)*2", 0, 5]
				},
				"leftArm": {
					"rotation": ["10+math.sin(q.anim_time*180+40)*2", 0, -5]
				},
				"leftLeg": {
					"rotation": [0, -5, -2.5]
				},
				"rightLeg": {
					"rotation": [0, 5, 2.5]
				},
				"leftLeg_root": {
					"rotation": ["-math.cos(q.modified_distance_moved*45+20)*7.5", 0, 0],
					"position": [0, 0, "-math.cos(q.modified_distance_moved*45+20)*3.5"]
				},
				"rightLeg_root": {
					"rotation": ["math.cos(q.modified_distance_moved*45+20)*7.5", 0, 0],
					"position": [0, 0, "math.cos(q.modified_distance_moved*45+20)*3.5"]
				},
				"head": {
					"rotation": [0, 0, 0.01]
				}
			}
		},
		"animation.enderman.walk": {
			"loop": true,
			"animation_length": 1,
			"anim_time_update": "q.modified_distance_moved*0.08",
			"blend_weight": "math.min(q.modified_move_speed*5, 1)",
			"bones": {
				"rightArm": {
					"rotation": ["-7-math.cos(q.anim_time*360)*25", 0, 5]
				},
				"leftArm": {
					"rotation": ["-7+math.cos(q.anim_time*360)*25", 0, -5]
				},
				"leftLeg_root": {
					"rotation": {
						"0.0": [-19, 0, 0],
						"0.5": [19, 0, 0],
						"0.625": [21.19, 0, 0],
						"0.75": [12.5, 0, 0],
						"0.875": [-4.92, 0, 0],
						"1.0": [-19, 0, 0]
					},
					"position": {
						"0.0": [0, 0, -10],
						"0.5": [0, 0, 10],
						"0.625": [0, 1.69, 8],
						"0.75": [0, 3, 2],
						"0.875": [0, 1.58, -5.62],
						"1.0": [0, 0, -10]
					}
				},
				"rightLeg_root": {
					"rotation": {
						"0.0": [19, 0, 0],
						"0.125": [21.19, 0, 0],
						"0.25": [12.5, 0, 0],
						"0.375": [-4.92, 0, 0],
						"0.5": [-19, 0, 0],
						"1.0": [19, 0, 0]
					},
					"position": {
						"0.0": [0, 0, 10],
						"0.125": [0, 1.69, 8],
						"0.25": [0, 3, 2],
						"0.375": [0, 1.58, -5.62],
						"0.5": [0, 0, -10],
						"1.0": [0, 0, 10]
					}
				},
				"waist": {
					"rotation": [10, "math.sin(q.anim_time*360)*10", 0],
					"position": [0, "-0.75-math.sin(q.anim_time*720)*0.75", 0]
				},
				"head": {
					"rotation": ["-math.cos(q.anim_time*720)*3", 0, "-math.sin(q.anim_time*360-40)*3"]
				}
			}
		},
		"animation.enderman.angry": {
			"loop": true,
			"bones": {
				"leftArm": {
					"rotation": ["(20-math.sin(q.anim_time*360)*3)", 0, "(-10-math.cos(q.anim_time*360)*3)"]
				},
				"rightArm": {
					"rotation": ["(20+math.sin(q.anim_time*360)*3)", 0, "(10+math.cos(q.anim_time*360)*3)"]
				},
				"head": {
					"position": [0, -1, 0]
				},
				"jaw": {
					"position": [0, "7+math.sin(q.anim_time*720)*0.5", 0]
				}
			}
		},
		"animation.enderman.carrying": {
			"loop": true,
			"bones": {
				"leftArm": {
					"rotation": ["-20.65 - this", 0, "-2.87 - this"]
				},
				"rightArm": {
					"rotation": ["-20.65 - this", 0, "2.87 - this"]
				}
			}
		},
		"animation.enderman.look_at": {
			"loop": true,
			"bones": {
				"head": {
					"relative_to": {
						"rotation": "entity"
					},
					"rotation": ["q.target_x_rotation/3", "math.clamp(q.target_y_rotation, -40, 40)", 0]
				},
				"pupil_right": {
					"position": ["-q.target_y_rotation/130", "math.clamp(-q.target_x_rotation/150,0, 0.3)", 0]
				},
				"pupil_right_down": {
					"scale": [1, "math.clamp(1-q.target_x_rotation/150, 0.7, 1)", 1]
				},
				"pupil_left": {
					"position": ["-q.target_y_rotation/130", "math.clamp(-q.target_x_rotation/150,0, 0.3)", 0]
				},
				"pupil_left_down": {
					"scale": [1, "math.clamp(1-q.target_x_rotation/150, 0.7, 1)", 1]
				},
				"eyebrows": {
					"position": [0, "math.clamp(-q.target_x_rotation/150+math.abs(q.target_y_rotation/220), -0.3, 0.3)", 0]
				}
			}
		},
		"animation.enderman.landing": {
			"loop": "hold_on_last_frame",
			"animation_length": 1.125,
			"blend_weight": "0.65",
			"bones": {
				"body": {
					"position": {
						"0.125": [0, 1, 0],
						"0.2083": [0, 1.5, 0],
						"0.2917": [0, 0, 0],
						"0.3333": [0, -1.5, 0],
						"0.375": [0, -3, 0],
						"0.4167": [0, -3.28, 0],
						"0.4583": [0, -3, 0],
						"0.5417": [0, -2.25, 0],
						"0.6667": [0, -0.81, 0],
						"0.75": [0, 0, 0],
						"0.8333": [0, 0.06, 0],
						"0.9583": [0, 0.03, 0],
						"1.0417": [0, 0, 0]
					}
				},
				"head": {
					"position": {
						"0.2083": [0, 2, 0],
						"0.375": [0, 0, 0],
						"0.4167": [0, -1.5, 0],
						"0.4583": [0, -3, 0],
						"0.5": [0, -3.28, 0],
						"0.5417": [0, -3, 0],
						"0.625": [0, -2.25, 0],
						"0.75": [0, -0.81, 0],
						"0.8333": [0, 0, 0],
						"0.9167": [0, 0.06, 0],
						"1.0417": [0, 0.03, 0],
						"1.125": [0, 0, 0]
					}
				}
			}
		},
		"animation.enderman.attack": {
			"loop": "hold_on_last_frame",
			"animation_length": 0.75,
			"bones": {
				"waist": {
					"rotation": {
						"0.125": [0, 0, 0],
						"0.25": [31.78252, -33.61314, -22.8954],
						"0.3333": [22.12, -18.09, -15.94],
						"0.375": [14.85, -7.41, -10.7],
						"0.4583": [0, 12.5, 0],
						"0.5417": [-2.28, 11.52, 1.64],
						"0.625": [-3.27, 7.8, 2.35],
						"0.7083": [0, 0, 0]
					}
				},
				"leftArm": {
					"relative_to": {
						"rotation": "entity"
					},
					"rotation": {
						"0.1667": [0, 0, 0.01],
						"0.2917": [31.78252, -33.61314, -22.8954],
						"0.375": [22.12, -18.09, -15.94],
						"0.4167": [14.85, -7.41, -10.7],
						"0.5": [0, 12.5, 0],
						"0.5833": [-2.28, 11.52, 1.64],
						"0.6667": [-3.27, 7.8, 2.35],
						"0.75": [0, 0, 0.01]
					}
				},
				"rightArm": {
					"rotation": {
						"0.0": [0, 0, 0],
						"0.0833": [0, 0, 40],
						"0.125": [-50, -30, 40],
						"0.1667": [-70, -60, 40],
						"0.25": [-74.19, -63.62, 42.5],
						"0.3333": [-70, -60, 40],
						"0.375": [-48.14, -47.77, 19.84],
						"0.4167": [-23, -32, 0],
						"0.4583": [-5.71, -15.01, -1.24],
						"0.5": [7.5, 0, 0],
						"0.5833": [5.63, 1.08, -1.83],
						"0.625": [3.82, 0.84, -2.9],
						"0.7083": [0, 0, 0]
					}
				}
			}
		}
	}
}