{
	"format_version": "1.8.0",
	"animations": {
		"animation.evoker.run": {
			"loop": true,
			"animation_length": 1,
			"anim_time_update": "q.modified_distance_moved*0.11",
			"blend_weight": "math.min(q.modified_move_speed, 1)",
			"bones": {
				"waist": {
					"rotation": [-5, "math.sin(q.anim_time*360)*10", "-math.cos(q.anim_time*360)*5"],
					"position": [0, "-1+math.sin(q.anim_time*720)", 0]
				},
				"leftLeg": {
					"rotation": {
						"0.0": [-60, 0, 0],
						"0.5": [60, 0, 0],
						"0.625": [44.86, 0, 0],
						"0.7083": [11.21, 0, 0],
						"0.7917": [-6.99, 0, 0],
						"0.875": [-43.81, 0, 0],
						"1.0": [-60, 0, 0]
					}
				},
				"leftLeg_root": {
					"rotation": ["math.max(-math.sin(q.anim_time*360)*20, 0)", 0, 0],
					"position": [0, "math.max(-math.sin(q.anim_time*360)*2, 0)", 0]
				},
				"rightLeg": {
					"rotation": {
						"0.0": [60, 0, 0],
						"0.125": [44.86, 0, 0],
						"0.2083": [11.21, 0, 0],
						"0.2917": [-6.99, 0, 0],
						"0.375": [-43.81, 0, 0],
						"0.5": [-60, 0, 0],
						"1.0": [60, 0, 0]
					}
				},
				"rightLeg_root": {
					"rotation": ["math.max(math.sin(q.anim_time*360)*20, 0)", 0, 0],
					"position": [0, "math.max(math.sin(q.anim_time*360)*2, 0)", 0]
				},
				"root": {
					"rotation": [15, 0, "-math.sin(825)*q.yaw_speed/23"]
				},
				"body": {
					"rotation": [5, 0, 0]
				},
				"head": {
					"rotation": [0, "math.sin(q.anim_time*360)*4", "-math.sin(q.anim_time*360)*4"]
				},
				"nose": {
					"rotation": ["math.cos(q.anim_time*720)*10", 0, "math.sin(q.anim_time*360)*7"]
				},
				"arms": {
					"relative_to": {
						"rotation": "entity"
					},
					"rotation": ["-40+math.cos(q.anim_time*720)*10", "-math.cos(q.anim_time*360)*6", 0],
					"position": [0, "math.cos(q.anim_time*720+40)*0.3", -1]
				}
			}
		},
		"animation.evoker.walk": {
			"loop": true,
			"animation_length": 1,
			"anim_time_update": "q.modified_distance_moved*0.11",
			"blend_weight": "math.min(q.modified_move_speed*6, 1.5)",
			"bones": {
				"leftLeg_root": {
					"rotation": {
						"0.0": [-30, 0, 0],
						"0.5": [30, 0, 0],
						"0.5833": [28.67, 0, 0],
						"0.6667": [19.5, 0, 0],
						"0.75": [6, 0, 0],
						"0.8333": [-7.89, 0, 0],
						"0.9167": [-23.56, 0, 0],
						"1.0": [-30, 0, 0]
					},
					"position": {
						"0.0": [0, 0, -6],
						"0.5": [0, 0, 6],
						"0.5833": [0, 0.67, 5.33],
						"0.6667": [0, 1.5, 3],
						"0.75": [0, 2, 0],
						"0.8333": [0, 1.44, -2.44],
						"0.9167": [0, 0.69, -5.12],
						"1.0": [0, 0, -6]
					}
				},
				"rightLeg_root": {
					"rotation": {
						"0.0": [30, 0, 0],
						"0.0833": [28.67, 0, 0],
						"0.1667": [19.5, 0, 0],
						"0.25": [6, 0, 0],
						"0.3333": [-7.89, 0, 0],
						"0.4167": [-23.56, 0, 0],
						"0.5": [-30, 0, 0],
						"1.0": [30, 0, 0]
					},
					"position": {
						"0.0": [0, 0, 6],
						"0.0833": [0, 0.67, 5.33],
						"0.1667": [0, 1.5, 3],
						"0.25": [0, 2, 0],
						"0.3333": [0, 1.44, -2.44],
						"0.4167": [0, 0.69, -5.12],
						"0.5": [0, 0, -6],
						"1.0": [0, 0, 6]
					}
				},
				"waist": {
					"position": [0, "-0.75-math.cos(q.anim_time*720)*0.75", 0]
				},
				"head": {
					"rotation": ["math.sin(q.anim_time*720)*2", 0, "math.sin(q.anim_time*360)*2"]
				},
				"nose": {
					"rotation": ["-math.cos(q.anim_time*720)*2", 0, "-math.cos(q.anim_time*360)*2"]
				},
				"arms": {
					"rotation": ["-10+math.sin(q.anim_time*720)*5", 0, 0]
				}
			}
		},
		"animation.evoker.look_at": {
			"loop": true,
			"bones": {
				"head": {
					"relative_to": {
						"rotation": "entity"
					},
					"rotation": ["q.target_x_rotation/2", "math.clamp(q.target_y_rotation/1.5, -40, 40)", 0],
					"scale": "q.is_baby ? 1.35 : 1"
				},
				"pupil_right": {
					"position": ["math.clamp(-(q.target_y_rotation/75)+v.eye_random2, -1, 0)", "math.clamp(-(q.target_x_rotation/150)+v.eye_random1, -0.3, 0.5)", 0]
				},
				"pupil_left": {
					"position": ["math.clamp(-(q.target_y_rotation/75)+v.eye_random2, 0, 1)", "math.clamp(-(q.target_x_rotation/150)+v.eye_random1, -0.3, 0.5)", 0]
				},
				"pupil_right_up": {
					"scale": [1, "math.clamp(1-q.target_x_rotation/150+v.eye_random1, 0.7, 1)", 1]
				},
				"pupil_left_up": {
					"scale": [1, "math.clamp(1-q.target_x_rotation/150+v.eye_random1, 0.7, 1)", 1]
				},
				"pupil_right_in": {
					"scale": ["math.clamp(1+(q.target_y_rotation/75)-v.eye_random2, 0.7, 1)", 1, 1]
				},
				"pupil_left_in": {
					"scale": ["math.clamp(1-(q.target_y_rotation/75)+v.eye_random2, 0.7, 1)", 1, 1]
				},
				"nose": {
					"rotation": ["-q.target_x_rotation/5", 0, 0]
				},
				"eyelids": {
					"position": [0, "(math.abs(q.target_y_rotation)/375)+math.clamp(-q.target_x_rotation/150, -0.3, 0.3)", 0]
				},
				"eyebrow": {
					"position": [0, "math.abs(q.target_y_rotation/110)+math.clamp(-q.target_x_rotation/150, -0.3, 0.3)", 0]
				},
				"leftLeg": {
					"rotation": ["q.is_riding ? (-72-this) : 0", "q.is_riding ? (-18-this) : 0", "q.is_riding ? (0-this) : 0"]
				},
				"rightLeg": {
					"rotation": ["q.is_riding ? (-72-this) : 0", "q.is_riding ? (18-this) : 0", "q.is_riding ? (0-this) : 0"]
				},
				"arms": {
					"scale": "q.is_casting || q.is_celebrating ? 0 : 1"
				},
				"rightarm": {
					"scale": "q.is_casting || q.is_celebrating ? 1 : 0"
				},
				"leftarm": {
					"scale": "q.is_casting || q.is_celebrating ? 1 : 0"
				}
			}
		},
		"animation.evoker.casting": {
			"loop": "hold_on_last_frame",
			"animation_length": 1.5417,
			"bones": {
				"waist": {
					"rotation": {
						"0.0833": [0, 0, 0],
						"0.1667": [-4.44, 0, 0],
						"0.25": [-10, 0, 0],
						"0.3333": [-15, 0, 0],
						"0.5": [-16.17, 0, 0],
						"0.6667": [-17.21, 0, 0],
						"0.8333": [-18.36, 0, 0],
						"1.0": [-15, 0, 0],
						"1.0833": [-0.64, 0, 0],
						"1.125": [7.28, 0, 0],
						"1.2083": [20, 0, 0],
						"1.2917": [13.4, 0, 0],
						"1.3333": [8.94, 0, 0],
						"1.4167": [0, 0, 0]
					},
					"position": {
						"0.0": [0, -2, 0],
						"0.0417": [0, -1.39, 0],
						"0.125": [0, 0.31, 0],
						"0.1667": [0, 1, 0],
						"0.3333": [0, 1.08, 0],
						"0.5833": [0, 1.17, 0],
						"0.8333": [0, 1.27, 0],
						"1.125": [0, 1, 0],
						"1.1667": [0, 0.02, 0],
						"1.2083": [0, -1.18, 0],
						"1.25": [0, -2, 0],
						"1.3333": [0, -1.47, 0],
						"1.4167": [0, -0.7, 0],
						"1.5": [0, 0, 0]
					}
				},
				"head": {
					"rotation": {
						"0.1667": [0, 0, 0],
						"0.25": [-4.44, 0, 0],
						"0.3333": [-10, 0, 0],
						"0.4167": [-15, 0, 0],
						"0.5833": [-16.17, 0, 0],
						"0.75": [-17.21, 0, 0],
						"0.9167": [-18.36, 0, 0],
						"1.0833": [-15, 0, 0],
						"1.1667": [-0.64, 0, 0],
						"1.2083": [7.28, 0, 0],
						"1.2917": [20, 0, 0]
					},
					"position": {
						"0.0833": [0, 0, 0],
						"0.125": [0, 0, 0],
						"0.2083": [0, 0, 0],
						"0.25": [0, 0, 0],
						"0.4583": [0, 0.03, 0],
						"0.6667": [0, 0.08, 0],
						"0.875": [0, 0.14, 0],
						"1.0833": [0, 0.2, 0],
						"1.25": [0, 0, 0],
						"1.2917": [0, -0.68, 0],
						"1.3333": [0, -1.51, 0],
						"1.375": [0, -2, 0],
						"1.4583": [0, -1.28, 0]
					}
				},
				"eyebrow": {
					"position": {
						"0.0": [0, 0, 0],
						"0.0417": [0, 0.2, 0],
						"0.125": [0, 0.77, 0],
						"0.1667": [0, 1, 0],
						"0.5": [0, 1.03, 0],
						"0.7917": [0, 1.04, 0],
						"1.0833": [0, 1, 0],
						"1.125": [0, 0.7, 0],
						"1.2083": [0, -0.15, 0],
						"1.25": [0, -0.5, 0],
						"1.2917": [0, -0.59, 0],
						"1.3333": [0, -0.5, 0]
					}
				},
				"eyelids": {
					"position": {
						"0.0417": [0, 0, 0],
						"0.0833": [0, 0.1, 0],
						"0.1667": [0, 0.39, 0],
						"0.2083": [0, 0.5, 0],
						"0.5417": [0, 0.55, 0],
						"0.7917": [0, 0.58, 0],
						"1.1667": [0, 0.5, 0],
						"1.2083": [0, 0, 0],
						"1.25": [0, -0.5, 0]
					}
				},
				"rightarm": {
					"rotation": {
						"0.0": [0, 0, 0],
						"0.0833": [-53.33, 0, -5.93],
						"0.1667": [-120, 0, -13.34],
						"0.25": [-180, 0, -20],
						"0.4583": [-187.96, 0, -20.85],
						"0.6667": [-192.5, 0, -21.31],
						"0.875": [-197.74, 0, -21.84],
						"1.0833": [-198.66, 0, -21.92],
						"1.1667": [-180, 0, -20],
						"1.2083": [-138.73, 0, -12.76],
						"1.2917": [-27.91, 0, 7.04],
						"1.3333": [15, 0, 15],
						"1.375": [15.47, 0, 15.51],
						"1.4167": [11.97, 0, 15.44],
						"1.4583": [7.54, 0, 15.28],
						"1.5": [3.15, 0, 15.12],
						"1.5417": [0, 0, 15]
					}
				},
				"leftarm": {
					"rotation": {
						"0.0": [0, 0, 0],
						"0.0833": [-53.33, 0, 5.93],
						"0.1667": [-120, 0, 13.34],
						"0.25": [-180, 0, 20],
						"0.4583": [-187.96, 0, 20.85],
						"0.6667": [-192.5, 0, 21.31],
						"0.875": [-197.74, 0, 21.84],
						"1.0833": [-198.66, 0, 21.92],
						"1.1667": [-180, 0, 20],
						"1.2083": [-138.73, 0, 12.76],
						"1.2917": [-27.91, 0, -7.04],
						"1.3333": [15, 0, -15],
						"1.375": [15.47, 0, -15.51],
						"1.4167": [11.97, 0, -15.44],
						"1.4583": [7.54, 0, -15.28],
						"1.5": [3.15, 0, -15.12],
						"1.5417": [0, 0, -15]
					}
				}
			}
		},
		"animation.evoker.idle": {
			"loop": true,
			"blend_weight": "-(q.modified_move_speed*1.5)+1",
			"bones": {
				"waist": {
					"rotation": ["math.cos(q.anim_time*90)*2", 0, 0],
					"position": [0, "-0.5+math.sin(q.anim_time*90)*0.6", 0]
				},
				"leftLeg": {
					"rotation": [0, -7.5, -2]
				},
				"rightLeg": {
					"rotation": [0, 7.5, 2]
				},
				"leftLeg_root": {
					"rotation": ["-math.cos(q.modified_move_speed*45)*7.5", 0, 0],
					"position": [0, 0, "-math.cos(q.modified_move_speed*45)*1.5"]
				},
				"rightLeg_root": {
					"rotation": ["math.cos(q.modified_move_speed*45)*7.5", 0, 0],
					"position": [0, 0, "math.cos(q.modified_move_speed*45)*1.5"]
				},
				"head": {
					"position": [0, "-0.1+math.sin(q.anim_time*90-40)*0.3", 0]
				},
				"rightarm": {
					"rotation": ["-math.sin(q.anim_time*90)*2", 0, "5-math.cos(q.anim_time*90)*5"]
				},
				"leftarm": {
					"rotation": ["-math.sin(q.anim_time*90)*2", 0, "-5+math.cos(q.anim_time*90)*5"]
				},
				"arms": {
					"rotation": ["math.cos(q.anim_time*90)*3", 0, 0],
					"position": [0, "math.sin(q.anim_time*90-40)*0.3", 0]
				}
			}
		}
	}
}