{
	"format_version": "1.8.0",
	"animations": {
		"animation.horse.look_at": {
			"loop": true,
			"bones": {
				"neck0": {
					"rotation": ["q.target_x_rotation/10", "math.clamp(q.target_y_rotation/2, -40, 40)", 0],
					"scale": "q.is_baby ? 1.2 : 1"
				},
				"body0": {
					"position": [0, "q.is_baby ? 5 : 0", 0]
				},
				"pupil_right": {
					"position": [
						0,
						"math.clamp(-q.target_y_rotation/375-q.target_x_rotation/150, -0.5, 0.3)",
						"math.clamp(q.target_y_rotation/150+q.target_x_rotation/375, -0.3, 0.5)"
					]
				},
				"pupil_left": {
					"position": [
						0,
						"math.clamp(q.target_y_rotation/375-q.target_x_rotation/150, -0.5, 0.3)",
						"math.clamp(-q.target_y_rotation/150+q.target_x_rotation/375, -0.3, 0.5)"
					]
				},
				"root": {
					"scale": "q.is_baby ? 0.75 : 1"
				},
				"tail": {
					"rotation": ["math.clamp(-math.sin(825)*(q.vertical_speed*5), -20, 90)", 0, 0]
				},
				"leg1": {
					"position": [0, "q.is_baby ? 5 : 0", 0],
					"scale": [1, "q.is_baby ? 1.5 : 1", 1]
				},
				"leg0": {
					"position": [0, "q.is_baby ? 5 : 0", 0],
					"scale": [1, "q.is_baby ? 1.5 : 1", 1]
				},
				"leg2": {
					"position": [0, "q.is_baby ? 5 : 0", 0],
					"scale": [1, "q.is_baby ? 1.5 : 1", 1]
				},
				"leg3": {
					"position": [0, "q.is_baby ? 5 : 0", 0],
					"scale": [1, "q.is_baby ? 1.5 : 1", 1]
				}
			}
		},
		"animation.horse.walk": {
			"loop": true,
			"animation_length": 0.8333,
			"anim_time_update": "q.modified_distance_moved*0.11",
			"blend_weight": "math.min(q.modified_move_speed*5, (q.is_baby ? 2 : 1))",
			"bones": {
				"leg0_root": {
					"rotation": {
						"0.0": [25, 0, 0],
						"0.0833": [13.99, 0, 0],
						"0.125": [4.92, 0, 0],
						"0.2083": [-15, 0, 0],
						"0.2917": [-24.04, 0, 0],
						"0.3333": [-26.85, 0, 0],
						"0.4167": [-25, 0, 0],
						"0.8333": [25, 0, 0]
					},
					"position": {
						"0.0": [0, 0, 5],
						"0.0833": [0, 0.78, 3.97],
						"0.125": [0, 1.22, 2.82],
						"0.2083": [0, 2, 0],
						"0.2917": [0, 1.39, -2.72],
						"0.3333": [0, 0.93, -3.97],
						"0.4167": [0, 0, -5],
						"0.8333": [0, 0, 5]
					}
				},
				"body0": {
					"rotation": [0, 0, "-math.sin(q.anim_time*430-40)*3"],
					"position": [0, "-0.5+math.sin(q.anim_time*430*2)*0.5", 0]
				},
				"leg1_root": {
					"rotation": {
						"0.0": [-25, 0, 0],
						"0.4167": [25, 0, 0],
						"0.5": [13.99, 0, 0],
						"0.5417": [4.92, 0, 0],
						"0.625": [-15, 0, 0],
						"0.7083": [-24.04, 0, 0],
						"0.75": [-26.85, 0, 0],
						"0.8333": [-25, 0, 0]
					},
					"position": {
						"0.0": [0, 0, -5],
						"0.4167": [0, 0, 5],
						"0.5": [0, 0.78, 3.97],
						"0.5417": [0, 1.22, 2.82],
						"0.625": [0, 2, 0],
						"0.7083": [0, 1.39, -2.72],
						"0.75": [0, 0.93, -3.97],
						"0.8333": [0, 0, -5]
					}
				},
				"leg2_root": {
					"rotation": {
						"0.0": [0, 0, 0],
						"0.2083": [25, 0, 0],
						"0.2917": [24.96, 0, 0],
						"0.3333": [23.49, 0, 0],
						"0.4167": [15, 0, 0],
						"0.5": [-1.85, 0, 0],
						"0.5417": [-10.88, 0, 0],
						"0.625": [-25, 0, 0],
						"0.8333": [0, 0, 0]
					},
					"position": {
						"0.0": [0, 0, 0],
						"0.2083": [0, 0, 5],
						"0.2917": [0, 0.85, 3.72],
						"0.3333": [0, 1.33, 2.71],
						"0.4167": [0, 2, 0],
						"0.5": [0, 1.3, -2.32],
						"0.5417": [0, 0.86, -3.47],
						"0.625": [0, 0, -5],
						"0.8333": [0, 0, 0]
					}
				},
				"leg3_root": {
					"rotation": {
						"0.0": [15, 0, 0],
						"0.0833": [-1.85, 0, 0],
						"0.125": [-10.88, 0, 0],
						"0.2083": [-25, 0, 0],
						"0.625": [25, 0, 0],
						"0.7083": [24.96, 0, 0],
						"0.75": [23.49, 0, 0],
						"0.8333": [15, 0, 0]
					},
					"position": {
						"0.0": [0, 2, 0],
						"0.0833": [0, 1.3, -2.32],
						"0.125": [0, 0.86, -3.47],
						"0.2083": [0, 0, -5],
						"0.625": [0, 0, 5],
						"0.7083": [0, 0.85, 3.72],
						"0.75": [0, 1.33, 2.71],
						"0.8333": [0, 2, 0]
					}
				},
				"tail": {
					"rotation": [0, 0, "-math.cos(q.anim_time*430)*7"]
				},
				"neck0": {
					"rotation": ["math.sin(q.anim_time*430*2)*2", 0, "math.cos(q.anim_time*430)*2"],
					"position": [0, "-0.5-math.cos(q.anim_time*430*2)*0.3", 0]
				}
			}
		},
		"animation.horse.run": {
			"loop": true,
			"animation_length": 0.8333,
			"anim_time_update": "q.modified_distance_moved*0.08",
			"blend_weight": "math.min((q.modified_move_speed*6)-1, (q.is_baby ? 2 : 1))",
			"bones": {
				"body0": {
					"rotation": ["-math.cos(q.anim_time*430)*3", 0, 0],
					"position": [0, "-1+math.sin(q.anim_time*430)*0.7", 0]
				},
				"leg0_root": {
					"rotation": {
						"0.0": [24.12, 0, 0],
						"0.0833": [40.2, 0, 0],
						"0.1667": [26.44, 0, 0],
						"0.2083": [14.08, 0, 0],
						"0.2917": [-15, 0, 0],
						"0.375": [-30.43, 0, 0],
						"0.4167": [-37.45, 0, 0],
						"0.5": [-40.2, 0, 0],
						"0.8333": [24.12, 0, 0]
					},
					"position": {
						"0.0": [0, 0, 5.04],
						"0.0833": [0, 0, 8.4],
						"0.1667": [0, 0.85, 6.85],
						"0.2083": [0, 1.33, 5.02],
						"0.2917": [0, 2, 0],
						"0.375": [0, 1.3, -4.33],
						"0.4167": [0, 0.86, -6.48],
						"0.5": [0, 0, -8.4],
						"0.8333": [0, 0, 5.04]
					}
				},
				"leg1_root": {
					"rotation": {
						"0.0": [40.2, 0, 0],
						"0.0833": [26.44, 0, 0],
						"0.125": [14.08, 0, 0],
						"0.2083": [-15, 0, 0],
						"0.2917": [-30.43, 0, 0],
						"0.3333": [-37.45, 0, 0],
						"0.4167": [-40.2, 0, 0],
						"0.8333": [40.2, 0, 0]
					},
					"position": {
						"0.0": [0, 0, 8.4],
						"0.0833": [0, 0.85, 6.85],
						"0.125": [0, 1.33, 5.02],
						"0.2083": [0, 2, 0],
						"0.2917": [0, 1.3, -4.33],
						"0.3333": [0, 0.86, -6.48],
						"0.4167": [0, 0, -8.4],
						"0.8333": [0, 0, 8.4]
					}
				},
				"leg2_root": {
					"rotation": {
						"0.0": [-40.2, 0, 0],
						"0.4167": [40.2, 0, 0],
						"0.5": [39.16, 0, 0],
						"0.5417": [33.97, 0, 0],
						"0.625": [15, 0, 0],
						"0.7083": [-10.98, 0, 0],
						"0.75": [-24.54, 0, 0],
						"0.8333": [-40.2, 0, 0]
					},
					"position": {
						"0.0": [0, 0, -8.4],
						"0.4167": [0, 0, 8.4],
						"0.5": [0, 0.85, 6.85],
						"0.5417": [0, 1.33, 5.02],
						"0.625": [0, 2, 0],
						"0.7083": [0, 1.3, -4.33],
						"0.75": [0, 0.86, -6.48],
						"0.8333": [0, 0, -8.4]
					}
				},
				"leg3_root": {
					"rotation": {
						"0.0": [-24.54, 0, 0],
						"0.0833": [-40.2, 0, 0],
						"0.5": [40.2, 0, 0],
						"0.5833": [39.16, 0, 0],
						"0.625": [33.97, 0, 0],
						"0.7083": [15, 0, 0],
						"0.7917": [-10.98, 0, 0],
						"0.8333": [-24.54, 0, 0]
					},
					"position": {
						"0.0": [0, 0.86, -6.48],
						"0.0833": [0, 0, -8.4],
						"0.5": [0, 0, 8.4],
						"0.5833": [0, 0.85, 6.85],
						"0.625": [0, 1.33, 5.02],
						"0.7083": [0, 2, 0],
						"0.7917": [0, 1.3, -4.33],
						"0.8333": [0, 0.86, -6.48]
					}
				},
				"root": {
					"rotation": [0, 0, "math.clamp(-math.sin(825)*q.yaw_speed/15, -20, 20)"]
				},
				"tail": {
					"rotation": ["25-math.sin(q.anim_time*430)*5", "math.clamp(-math.sin(825)*q.yaw_speed/3, -80, 80)", 0]
				},
				"neck0": {
					"rotation": [
						"15+math.sin(q.anim_time*430)*3",
						"math.clamp(math.sin(825)*q.yaw_speed/10, -30, 30)",
						"math.clamp(-math.sin(825)*q.yaw_speed/10, -30, 30)"
					],
					"position": [0, "-0.5+math.cos(q.anim_time*430)*0.6", 0]
				}
			}
		},
		"animation.horse.idle": {
			"loop": true,
			"blend_weight": "-(q.modified_move_speed*5)+1",
			"bones": {
				"body0": {
					"rotation": [0, 0, "-math.sin(q.anim_time*180)"],
					"position": [0, "-0.5+math.cos(q.anim_time*180)*0.2", 0]
				},
				"leg0_root": {
					"rotation": ["math.lerp(0, 1, math.cos(q.modified_distance_moved*53.75+20)*10)", 0, 0],
					"position": [0, 0, "math.lerp(0, 1, math.cos(q.modified_distance_moved*53.75+20)*2)"]
				},
				"leg1_root": {
					"rotation": ["math.lerp(0, 1, -math.cos(q.modified_distance_moved*53.75+20)*10)", 0, 0],
					"position": [0, 0, "math.lerp(0, 1, -math.cos(q.modified_distance_moved*53.75+20)*2)"]
				},
				"leg2_root": {
					"rotation": ["math.lerp(0, 1, math.sin(q.modified_distance_moved*53.75+20)*10)", 0, 0],
					"position": [0, 0, "math.lerp(0, 1, math.sin(q.modified_distance_moved*53.75+20)*2)"]
				},
				"leg3_root": {
					"rotation": ["math.lerp(0, 1, -math.sin(q.modified_distance_moved*53.75+20)*10)", 0, 0],
					"position": [0, 0, "math.lerp(0, 1, -math.sin(q.modified_distance_moved*53.75+20)*2)"]
				},
				"neck0": {
					"rotation": ["math.cos(q.anim_time*180)*2", 0, "math.sin(q.anim_time*180)*2"],
					"position": [0, "-0.5+math.sin(q.anim_time*180)*0.2", 0]
				}
			}
		},
		"animation.horse.float": {
			"loop": true,
			"animation_length": 1,
			"bones": {
				"root": {
					"rotation": [-10, 0, 0]
				},
				"body0": {
					"rotation": ["math.cos(q.anim_time*360)*3", 0, "math.cos(q.anim_time*360)*3"],
					"position": [0, "-1+math.sin(q.anim_time*720)*0.5", 0]
				},
				"leg0": {
					"rotation": [10, 0, "3-math.sin(q.anim_time*360)*7"]
				},
				"leg1": {
					"rotation": [10, 0, "-3-math.sin(q.anim_time*360)*7"]
				},
				"leg2": {
					"rotation": [10, 0, "3+math.cos(q.anim_time*360)*7"]
				},
				"leg3": {
					"rotation": [10, 0, "-3+math.cos(q.anim_time*360)*7"]
				},
				"leg0_root": {
					"rotation": ["math.cos(q.anim_time*360)*25+math.min(-math.sin(q.anim_time*360)*15, 0)", 0, 0],
					"position": [0, "math.sin(q.anim_time*360)*2", "math.cos(q.anim_time*360)*5"]
				},
				"leg1_root": {
					"rotation": ["-math.cos(q.anim_time*360)*25+math.min(math.sin(q.anim_time*360)*15, 0)", 0, 0],
					"position": [0, "-math.sin(q.anim_time*360)*2", "-math.cos(q.anim_time*360)*5"]
				},
				"leg2_root": {
					"rotation": ["math.sin(q.anim_time*360)*25+math.max(-math.cos(q.anim_time*360)*15, 0)", 0, 0],
					"position": [0, "-math.cos(q.anim_time*360)*2", "math.sin(q.anim_time*360)*5"]
				},
				"leg3_root": {
					"rotation": ["-math.sin(q.anim_time*360)*25+math.max(math.cos(q.anim_time*360)*15, 0)", 0, 0],
					"position": [0, "math.cos(q.anim_time*360)*2", "-math.sin(q.anim_time*360)*5"]
				},
				"tail": {
					"rotation": ["5-math.cos(q.anim_time*360)*5", 0, "-math.sin(q.anim_time*360)*7"]
				},
				"neck0": {
					"rotation": ["-math.sin(q.anim_time*720)*2", 0, "math.sin(q.anim_time*360)*2"],
					"position": [0, "-0.5+math.cos(q.anim_time*720)*0.5", 0]
				}
			}
		},
		"animation.horse.landing": {
			"loop": "hold_on_last_frame",
			"animation_length": 1.125,
			"bones": {
				"body0": {
					"position": {
						"0.125": [0, 1, 0],
						"0.2083": [0, 1.5, 0],
						"0.2917": [0, 0, 0],
						"0.3333": [0, -1.5, 0],
						"0.375": [0, -3, 0],
						"0.4167": [0, -3.28, 0],
						"0.4583": [0, -3, 0],
						"0.5417": [0, -2.25, 0],
						"0.6667": [0, -0.81, 0],
						"0.75": [0, 0, 0],
						"0.8333": [0, 0.06, 0],
						"0.9583": [0, 0.03, 0],
						"1.0417": [0, 0, 0]
					}
				},
				"tail": {
					"rotation": {
						"0.25": [30, 0, 0],
						"0.4583": [-10, 0, 0],
						"0.7083": [0, 0, 0]
					}
				},
				"neck0": {
					"position": {
						"0.2083": [0, 2, 0],
						"0.375": [0, 0, 0],
						"0.4167": [0, -1.5, 0],
						"0.4583": [0, -3, 0],
						"0.5": [0, -3.28, 0],
						"0.5417": [0, -3, 0],
						"0.625": [0, -2.25, 0],
						"0.75": [0, -0.81, 0],
						"0.8333": [0, 0, 0],
						"0.9167": [0, 0.06, 0],
						"1.0417": [0, 0.03, 0],
						"1.125": [0, 0, 0]
					}
				}
			}
		},
		"animation.horse.grazing": {
			"loop": "hold_on_last_frame",
			"animation_length": 2.25,
			"bones": {
				"body0": {
					"rotation": {
						"0.0": [0, 0, 0],
						"0.125": [6.91, 0, 0],
						"0.2083": [12.33, 0, 0],
						"0.3333": [20, 0, 0],
						"1.75": [20, 0, 0],
						"1.8333": [14.07, 0, 0],
						"1.9167": [6.66, 0, 0],
						"2.0": [0, 0, 0]
					},
					"position": {
						"0.0": [0, 0, 0],
						"0.125": [0, -0.69, 0.35],
						"0.2083": [0, -1.23, 0.62],
						"0.3333": [0, -2, 1],
						"1.75": [0, -2, 1],
						"1.8333": [0, -1.41, 0.7],
						"1.9167": [0, -0.67, 0.33],
						"2.0": [0, 0, 0]
					}
				},
				"leg2": {
					"rotation": {
						"0.0": [0, 0, 0],
						"0.0833": [-2.95, 2.95, 2.36],
						"0.1667": [-7.21, 7.21, 5.77],
						"0.25": [-11.54, 11.54, 9.23],
						"0.3333": ["-15-this", "15-this", "12-this"],
						"1.7917": ["-15-this", "15-this", "12-this"],
						"1.875": [-9.07, 9.07, 7.25],
						"1.9167": [-5.12, 5.12, 4.1],
						"1.9583": [-1.42, 1.42, 1.14],
						"2.0": [0, 0, 0]
					},
					"position": {
						"0.0833": [0, 0, 0],
						"0.125": [0, 0.38, 0],
						"0.1667": [0, 0.76, 0],
						"0.2083": [0, 1, 0],
						"0.25": [0, 0.42, 0],
						"0.2917": [0, -0.37, 0],
						"0.3333": [0, -1, 0],
						"1.7917": [0, -1, 0],
						"1.8333": [0, -0.86, 0],
						"1.875": [0, -0.67, 0],
						"1.9167": [0, -0.46, 0],
						"1.9583": [0, -0.24, 0],
						"2.0": [0, 0, 0]
					}
				},
				"leg3": {
					"rotation": {
						"0.125": [0, 0, 0],
						"0.2083": [-2.92, -2.92, -2.34],
						"0.2917": [-7.19, -7.19, -5.75],
						"0.375": [-11.53, -11.53, -9.22],
						"0.4583": ["-15-this", "-15-this", "-12-this"],
						"1.9167": ["-15-this", "-15-this", "-12-this"],
						"2.0": [-9.42, -9.42, -7.53],
						"2.0417": [-5.85, -5.85, -4.67],
						"2.0833": [-1.76, -1.76, -1.41],
						"2.125": [0, 0, 0]
					},
					"position": {
						"0.2083": [0, 0, 0],
						"0.25": [0, 0.39, 0],
						"0.2917": [0, 0.84, 0],
						"0.3333": [0, 1, 0],
						"0.375": [0, 0.42, 0],
						"0.4167": [0, -0.33, 0],
						"0.4583": [0, -1, 0],
						"1.9167": [0, -1, 0],
						"1.9583": [0, -0.86, 0],
						"2.0": [0, -0.7, 0],
						"2.0417": [0, -0.52, 0],
						"2.0833": [0, -0.31, 0],
						"2.125": [0, 0, 0]
					}
				},
				"neck0": {
					"rotation": {
						"0.0": [0, 0, 0],
						"0.0833": [6.6, 0, 0],
						"0.1667": [22.78, 0, 0],
						"0.25": ["55+math.cos(q.anim_time*720+0.4167)*5", 0, 0],
						"1.8333": ["55+math.cos(q.anim_time*720+0.4167)*5", 0, 0],
						"1.9167": [56.66, 0, 0],
						"2.0417": [19.95, 0, 0],
						"2.125": [0, 0, 0]
					},
					"position": {
						"0.0": [0, 0, 0],
						"0.25": [0, 1, 0],
						"1.8333": [0, 1, 0],
						"2.125": [0, 0, 0]
					}
				}
			}
		},
		"animation.horse.rear": {
			"loop": "hold_on_last_frame",
			"animation_length": 1.1667,
			"bones": {
				"tail": {
					"rotation": {
						"0.0": [0, 0, 0],
						"0.25": [15, "math.cos(q.anim_time*720)*10", "-math.cos(q.anim_time*720)*25"],
						"0.9167": [15, "math.cos(q.anim_time*720)*10", "-math.cos(q.anim_time*720)*25"],
						"1.0833": [0, 0, 0]
					}
				},
				"leg2": {
					"rotation": {
						"0.0417": [0, 0, 0],
						"0.1667": ["-30-math.sin(q.anim_time*720)*25", 0, 0],
						"0.7917": ["-30-math.sin(q.anim_time*720)*25", 0, 0],
						"0.9583": [0, 0, 0]
					},
					"position": {
						"0.0417": [0, 0, 0],
						"0.0833": [0, 2.67, 0.59],
						"0.125": [0, 6, 1.33],
						"0.1667": [0, 9, 2],
						"0.5": [0, 9.47, 2.1],
						"0.7917": [0, 9, 2],
						"0.875": [0, 4.5, 1],
						"0.9583": [0, 0, 0]
					}
				},
				"neck0": {
					"rotation": {
						"0.0417": [0, 0, 0],
						"0.125": [15, 0, 0],
						"0.8333": [-10, 0, 0],
						"1.0": [7.5, 0, 0],
						"1.1667": [0, 0, 0]
					}
				},
				"leg3": {
					"rotation": {
						"0.0417": [0, 0, 0],
						"0.1667": ["-30+math.sin(q.anim_time*720)*25", 0, 0],
						"0.7917": ["-30+math.sin(q.anim_time*720)*25", 0, 0],
						"0.9583": [0, 0, 0]
					},
					"position": {
						"0.0417": [0, 0, 0],
						"0.0833": [0, 2.67, 0.59],
						"0.125": [0, 6, 1.33],
						"0.1667": [0, 9, 2],
						"0.4583": [0, 9.47, 2.1],
						"0.7917": [0, 9, 2],
						"0.875": [0, 4.5, 1],
						"0.9583": [0, 0, 0]
					}
				},
				"body0": {
					"rotation": {
						"0.0": [0, 0, 0],
						"0.0417": [-8.89, 0, 0],
						"0.0833": [-20, 0, 0],
						"0.125": [-30, 0, 0],
						"0.4583": [-31.77, 0, 0],
						"0.75": [-30, 0, 0],
						"0.8333": [-12.19, 0, 0],
						"0.9167": [5, 0, 0],
						"1.1667": [0, 0, 0]
					},
					"position": {
						"0.0": [0, 0, 0],
						"0.125": [0, 5, 1],
						"0.75": [0, 4, 1],
						"0.9167": [0, 0, 0]
					}
				}
			}
		}
	}
}