{
	"format_version": "1.8.0",
	"animations": {
		"animation.irongolem.look_at": {
			"loop": true,
			"bones": {
				"head": {
					"relative_to": {
						"rotation": "entity"
					},
					"rotation": ["q.target_x_rotation/3", "math.clamp(q.target_y_rotation, -40, 40)", 0],
					"scale": "q.is_baby ? 1.75 : 1"
				},
				"pupil_right": {
					"position": ["math.clamp((-q.target_y_rotation/75)+v.eye_random2, 0, 1)", "math.clamp((-q.target_x_rotation/150)+v.eye_random1, 0, 0.5)", 0]
				},
				"pupil_left": {
					"position": ["math.clamp((-q.target_y_rotation/75)+v.eye_random2, -1, 0)", "math.clamp((-q.target_x_rotation/150)+v.eye_random1, 0, 0.5)", 0]
				},
				"eyebrows": {
					"position": [0, "math.clamp(math.abs(q.target_y_rotation/220)-q.target_x_rotation/150, -0.2, 0.2)", 0]
				},
				"pupil_right_bottom": {
					"scale": [1, "math.clamp((1.5-q.target_x_rotation/75)+v.eye_random1, 0.8, 1)", 1]
				},
				"pupil_left_bottom": {
					"scale": [1, "math.clamp((1.5-q.target_x_rotation/75)+v.eye_random1, 0.8, 1)", 1]
				},
				"nose": {
					"rotation": ["-q.target_x_rotation/4", 0, 0]
				},
				"eyebrow": {
					"position": [0, "math.clamp((math.abs(q.target_y_rotation/110)-q.target_x_rotation/150), -1, 0.3)", 0]
				}
			}
		},
		"animation.irongolem.walk": {
			"loop": true,
			"animation_length": 1,
			"anim_time_update": "q.modified_distance_moved*0.09",
			"blend_weight": "math.min(q.modified_move_speed*2.22, 1)",
			"bones": {
				"waist": {
					"rotation": [0, "math.cos(q.anim_time*360)*10", "math.sin(q.anim_time*360)*5"],
					"position": {
						"0.0": [0, -2, 0],
						"0.0833": [0, -1.48, 0],
						"0.1667": [0, -0.58, 0],
						"0.25": [0, 0, 0],
						"0.3333": [0, -0.62, 0],
						"0.4167": [0, -1.47, 0],
						"0.5": [0, -2, 0],
						"0.5833": [0, -1.37, 0],
						"0.6667": [0, -0.52, 0],
						"0.75": [0, 0, 0],
						"0.8333": [0, -0.57, 0],
						"0.9167": [0, -1.35, 0],
						"1.0": [0, -2, 0]
					}
				},
				"arm0": {
					"relative_to": {
						"rotation": "entity"
					},
					"rotation": ["-math.cos(q.anim_time*360)*20", 0, 5]
				},
				"arm1": {
					"relative_to": {
						"rotation": "entity"
					},
					"rotation": ["math.cos(q.anim_time*360)*20", 0, -5]
				},
				"head": {
					"rotation": [0, "math.sin(q.anim_time*360)*7", "-math.cos(q.anim_time*360)*3"]
				},
				"nose": {
					"rotation": [0, 0, "math.sin(q.anim_time*360)*7"]
				},
				"leg1_root": {
					"rotation": {
						"0.0": [-20, 0, 0],
						"0.5": [25, 0, 0],
						"0.5833": [26.67, 0, 0],
						"0.6667": [23.13, 0, 0],
						"0.75": [15, 0, 0],
						"0.8333": [2.36, 0, 0],
						"0.9167": [-12.42, 0, 0],
						"1.0": [-20, 0, 0]
					},
					"position": {
						"0.0": [0, 0, -8],
						"0.5": [0, 0, 8],
						"0.5833": [0, 1, 7.11],
						"0.6667": [0, 2.25, 4],
						"0.75": [0, 3, 0],
						"0.8333": [0, 2.17, -3.26],
						"0.9167": [0, 1.03, -6.83],
						"1.0": [0, 0, -8]
					}
				},
				"leg2_root": {
					"rotation": {
						"0.0": [25, 0, 0],
						"0.0833": [26.67, 0, 0],
						"0.1667": [23.13, 0, 0],
						"0.25": [15, 0, 0],
						"0.3333": [2.36, 0, 0],
						"0.4167": [-12.42, 0, 0],
						"0.5": [-20, 0, 0],
						"1.0": [25, 0, 0]
					},
					"position": {
						"0.0": [0, 0, 8],
						"0.0833": [0, 1, 7.11],
						"0.1667": [0, 2.25, 4],
						"0.25": [0, 3, 0],
						"0.3333": [0, 2.17, -3.26],
						"0.4167": [0, 1.03, -6.83],
						"0.5": [0, 0, -8],
						"1.0": [0, 0, 8]
					}
				}
			}
		},
		"animation.irongolem.idle": {
			"loop": true,
			"blend_weight": "-(q.modified_move_speed*2.22)+1",
			"bones": {
				"waist": {
					"position": ["math.sin(q.anim_time*100)*0.5", "-0.5+math.cos(q.anim_time*100)*0.5", 0]
				},
				"arm0": {
					"rotation": [0, 7, "3+math.cos(q.anim_time*100)*2"]
				},
				"arm1": {
					"rotation": [0, -7, "-3+math.cos(q.anim_time*100)*2"]
				},
				"head": {
					"position": ["-math.cos(q.anim_time*100)*0.3", "-1+math.sin(q.anim_time*100)*0.3", 0]
				},
				"leg1_root": {
					"rotation": ["math.max(-math.cos(q.modified_distance_moved*45)*15, -7.5)", 0, 0],
					"position": [0, 0, "-math.cos(q.modified_distance_moved*45)*4"]
				},
				"leg2_root": {
					"rotation": ["math.max(math.cos(q.modified_distance_moved*45)*15, -7.5)", 0, 0],
					"position": [0, 0, "math.cos(q.modified_distance_moved*45)*4"]
				},
				"leg1": {
					"rotation": [0, -10, 0]
				},
				"leg2": {
					"rotation": [0, 10, 0]
				}
			}
		},
		"animation.irongolem.attack": {
			"loop": "hold_on_last_frame",
			"animation_length": 0.7083,
			"override_previous_animation": true,
			"bones": {
				"waist": {
					"rotation": {
						"0.0833": [15, 0, 0],
						"0.125": [11.02, 0, 0],
						"0.2083": [-7.44, 0, 0],
						"0.25": [-15, 0, 0],
						"0.2917": [-16.41, 0, 0],
						"0.3333": [-15, 0, 0],
						"0.375": [-12.11, 0, 0],
						"0.4583": [-4.3, 0, 0],
						"0.5": [0, 0, 0]
					}
				},
				"arm0": {
					"rotation": {
						"0.0833": [0, 0, 0],
						"0.125": [-80, 0, 0],
						"0.1667": [-90, 0, 0],
						"0.25": [-97.78, 0, 0],
						"0.2917": [-90, 0, 0],
						"0.3333": [-68.91, 0, 0],
						"0.4167": [-11.86, 0, 0],
						"0.4583": [10, 0, 0],
						"0.5": [9.88, 0, 0],
						"0.625": [2, 0, 0],
						"0.6667": [0, 0, 0]
					},
					"position": {
						"0.0833": [0, -2, 0],
						"0.125": [0, -0.67, -0.33],
						"0.1667": [0, 1, -0.75],
						"0.2083": [0, 2, -1],
						"0.25": [0, 1.21, -0.81],
						"0.3333": [0, -1.23, -0.23],
						"0.375": [0, -2, 0],
						"0.4167": [0, -1.65, 0.02],
						"0.5": [0, -0.48, 0.01],
						"0.5417": [0, 0, 0]
					}
				},
				"arm1": {
					"rotation": {
						"0.125": [0, 0, 0],
						"0.1667": [-80, 0, 0],
						"0.2083": [-90, 0, 0],
						"0.2917": [-97.78, 0, 0],
						"0.3333": [-90, 0, 0],
						"0.375": [-68.91, 0, 0],
						"0.4583": [-11.86, 0, 0],
						"0.5": [10, 0, 0],
						"0.5417": [9.88, 0, 0],
						"0.6667": [2, 0, 0],
						"0.7083": [0, 0, 0]
					},
					"position": {
						"0.125": [0, -2, 0],
						"0.1667": [0, -0.67, -0.33],
						"0.2083": [0, 1, -0.75],
						"0.25": [0, 2, -1],
						"0.2917": [0, 1.21, -0.81],
						"0.375": [0, -1.23, -0.23],
						"0.4167": [0, -2, 0],
						"0.4583": [0, -1.65, 0.02],
						"0.5417": [0, -0.48, 0.01],
						"0.5833": [0, 0, 0]
					}
				}
			}
		},
		"animation.irongolem.flower": {
			"loop": "hold_on_last_frame",
			"animation_length": 0.5,
			"override_previous_animation": true,
			"bones": {
				"waist": {
					"rotation": {
						"0.0": [0, 10, -7.5],
						"0.0417": [0, 4.07, -5.28],
						"0.0833": [0, -3.34, -2.5],
						"0.125": [0, -10, 0],
						"0.1667": [0, -11.04, 0.16],
						"0.2083": [0, -10, 0],
						"0.2917": [0, -6.96, -0.01],
						"0.375": [0, -3.29, -0.01],
						"0.4583": [0, 0, 0]
					},
					"position": {
						"0.0417": [0, -1, 0],
						"0.0833": [0, -0.7, 0],
						"0.125": [0, -0.33, 0],
						"0.1667": [0, 0, 0]
					}
				},
				"arm0": {
					"rotation": {
						"0.0": [20, 0, -10],
						"0.0417": [8.32, 0, -5.62],
						"0.0833": [-6.87, 0, 0],
						"0.125": [-21.26, 0, 5.98],
						"0.1667": [-35, 0, 10],
						"0.2083": [-41.8, 0, 5.25],
						"0.25": [-45, 0, 0],
						"0.2917": [-42.18, 0, -0.37],
						"0.375": [-33.5, 0, -0.12],
						"0.4167": [-30, 0, 0]
					}
				},
				"arm1": {
					"rotation": {
						"0.0": [0, 0, 0],
						"0.0417": [-3.06, 0, -1.48],
						"0.0833": [-6.88, 0, -3.33],
						"0.125": [-7.5, 0, -5],
						"0.1667": [-2.97, 0, -5.12],
						"0.25": [9.84, 0, -5.04],
						"0.2917": [15, 0, -5]
					}
				}
			}
		}
	}
}