{
	"format_version": "1.8.0",
	"animations": {
		"animation.llama.look_at": {
			"loop": true,
			"bones": {
				"head": {
					"relative_to": {
						"rotation": "entity"
					},
					"rotation": ["q.target_x_rotation/3", "math.clamp(q.target_y_rotation, -40, 40)", 0],
					"scale": "q.is_baby ? 1.4 : 1"
				},
				"pupil_right": {
					"position": ["math.clamp(-q.target_y_rotation/75, 0, 1)", "math.clamp(-q.target_x_rotation/150, 0, 0.2)", 0]
				},
				"pupil_left": {
					"position": ["math.clamp(-q.target_y_rotation/75, -1, 0)", "math.clamp(-q.target_x_rotation/150, 0, 0.2)", 0]
				},
				"eyebrows": {
					"position": [0, "math.clamp(math.abs(q.target_y_rotation/220)-q.target_x_rotation/150, -0.2, 0.2)", 0]
				},
				"pupil_right_bottom": {
					"scale": [1, "math.clamp(1.5-q.target_x_rotation/75, 0.8, 1)", 1]
				},
				"pupil_left_bottom": {
					"scale": [1, "math.clamp(1.5-q.target_x_rotation/75, 0.8, 1)", 1]
				},
				"eyelids": {
					"scale": [1, 0.7, 1]
				}
			}
		},
		"animation.llama.run": {
			"loop": true,
			"animation_length": 0.8333,
			"anim_time_update": "q.modified_distance_moved*0.15",
			"blend_weight": "math.min((q.modified_move_speed*6)-2, (q.is_baby ? 2 : 1))",
			"bones": {
				"body": {
					"rotation": ["-math.cos(q.anim_time*430)*3", 0, 0],
					"position": [0, "-1+math.sin(q.anim_time*430)*0.7", 0]
				},
				"leg0_root": {
					"rotation": {
						"0.0": [-24.31, 0, 0],
						"0.0417": [-27.8, 0, 0],
						"0.125": [-27, 0, 0],
						"0.4167": [10.8, 0, 0],
						"0.5417": [27, 0, 0],
						"0.625": [15.67, 0, 0],
						"0.6667": [6.09, 0, 0],
						"0.75": [-15, 0, 0],
						"0.8333": [-24.31, 0, 0]
					},
					"position": {
						"0.0": [0, 1.3, -2.78],
						"0.0417": [0, 0.86, -4.16],
						"0.125": [0, 0, -5.4],
						"0.4167": [0, 0, 2.16],
						"0.5417": [0, 0, 5.4],
						"0.625": [0, 0.85, 4.41],
						"0.6667": [0, 1.33, 3.23],
						"0.75": [0, 2, 0],
						"0.8333": [0, 1.3, -2.78]
					}
				},
				"leg1_root": {
					"rotation": {
						"0.0": [-27, 0, 0],
						"0.4167": [27, 0, 0],
						"0.5": [15.67, 0, 0],
						"0.5417": [6.09, 0, 0],
						"0.625": [-15, 0, 0],
						"0.7083": [-24.31, 0, 0],
						"0.75": [-27.8, 0, 0],
						"0.8333": [-27, 0, 0]
					},
					"position": {
						"0.0": [0, 0, -5.4],
						"0.4167": [0, 0, 5.4],
						"0.5": [0, 0.85, 4.41],
						"0.5417": [0, 1.33, 3.23],
						"0.625": [0, 2, 0],
						"0.7083": [0, 1.3, -2.78],
						"0.75": [0, 0.86, -4.16],
						"0.8333": [0, 0, -5.4]
					}
				},
				"leg2_root": {
					"rotation": {
						"0.0": [-27, 0, 0],
						"0.4167": [27, 0, 0],
						"0.5": [28.39, 0, 0],
						"0.5417": [26.08, 0, 0],
						"0.625": [15, 0, 0],
						"0.7083": [-4.18, 0, 0],
						"0.75": [-14.36, 0, 0],
						"0.8333": [-27, 0, 0]
					},
					"position": {
						"0.0": [0, 0, -5.4],
						"0.4167": [0, 0, 5.4],
						"0.5": [0, 0.85, 4.41],
						"0.5417": [0, 1.33, 3.23],
						"0.625": [0, 2, 0],
						"0.7083": [0, 1.3, -2.78],
						"0.75": [0, 0.86, -4.16],
						"0.8333": [0, 0, -5.4]
					}
				},
				"leg3_root": {
					"rotation": {
						"0.0": [-4.18, 0, 0],
						"0.0417": [-14.36, 0, 0],
						"0.125": [-27, 0, 0],
						"0.5417": [27, 0, 0],
						"0.625": [28.39, 0, 0],
						"0.6667": [26.08, 0, 0],
						"0.75": [15, 0, 0],
						"0.8333": [-4.18, 0, 0]
					},
					"position": {
						"0.0": [0, 1.3, -2.78],
						"0.0417": [0, 0.86, -4.16],
						"0.125": [0, 0, -5.4],
						"0.5417": [0, 0, 5.4],
						"0.625": [0, 0.85, 4.41],
						"0.6667": [0, 1.33, 3.23],
						"0.75": [0, 2, 0],
						"0.8333": [0, 1.3, -2.78]
					}
				},
				"head": {
					"rotation": ["math.sin(q.anim_time*430)*3", 0, 0],
					"position": [0, "-0.5+math.cos(q.anim_time*430)*0.6", 0]
				},
				"all": {
					"rotation": [0, 0, "-math.sin(825)*q.yaw_speed/23"],
					"position": [0, "math.max(1-math.sin(q.anim_time*430)*2, -0.5)", 0]
				}
			}
		},
		"animation.llama.ear_right": {
			"loop": true,
			"animation_length": 1.25,
			"anim_time_update": "q.anim_time+q.delta_time*(q.anim_time>0.5 ? (math.random_integer(0,50)!=0 ? 0.0001 : math.random_integer(1,8)) : 1)",
			"bones": {
				"ear_left": {
					"rotation": {
						"0.125": [0, 0, 0],
						"0.1667": [30, 0, 0],
						"0.2083": [50, 50, 0],
						"0.2917": [60, 60, 0],
						"0.3333": [0, 25, 0],
						"0.375": [0, 0, 0]
					},
					"position": {
						"0.0833": [0, 0, 0],
						"0.2083": [0, -1, 0],
						"0.2917": [0, 0.5, 0],
						"0.4167": [0, 0, 0]
					}
				}
			}
		},
		"animation.llama.ear_left": {
			"loop": true,
			"animation_length": 1.25,
			"anim_time_update": "q.anim_time+q.delta_time*(q.anim_time>0.5 ? (math.random_integer(0,50)!=0 ? 0.0001 : math.random_integer(1,8)) : 1)",
			"bones": {
				"ear_right": {
					"rotation": {
						"0.125": [0, 0, 0],
						"0.1667": [30, 0, 0],
						"0.2083": [50, -50, 0],
						"0.2917": [60, -60, 0],
						"0.3333": [0, -25, 0],
						"0.375": [0, 0, 0]
					},
					"position": {
						"0.0833": [0, 0, 0],
						"0.2083": [0, -1, 0],
						"0.2917": [0, 0.5, 0],
						"0.4167": [0, 0, 0]
					}
				}
			}
		}
	}
}