{
	"format_version": "1.8.0",
	"animations": {
		"animation.pig.idle": {
			"loop": true,
			"blend_weight": "-(q.modified_move_speed*2.5)+1",
			"bones": {
				"body": {
					"rotation": [0, 0, "-math.sin(q.anim_time*180)"],
					"position": [0, "-0.5+math.cos(q.anim_time*180)*0.2", 0]
				},
				"leg0_root": {
					"rotation": ["math.lerp(0, 1, math.cos(q.modified_distance_moved*53.75+20)*15)", 0, 0],
					"position": [0, 0, "math.lerp(0, 1, math.cos(q.modified_distance_moved*53.75+20)*1.5)"]
				},
				"leg1_root": {
					"rotation": ["math.lerp(0, 1, -math.cos(q.modified_distance_moved*67.5+20)*15)", 0, 0],
					"position": [0, 0, "math.lerp(0, 1, -math.cos(q.modified_distance_moved*67.5+20)*1.5)"]
				},
				"leg2_root": {
					"rotation": ["math.lerp(0, 1, math.sin(q.modified_distance_moved*53.75+20)*15)", 0, 0],
					"position": [0, 0, "math.lerp(0, 1, math.sin(q.modified_distance_moved*53.75+20)*1.5)"]
				},
				"leg3_root": {
					"rotation": ["math.lerp(0, 1, -math.sin(q.modified_distance_moved*53.75+20)*15)", 0, 0],
					"position": [0, 0, "math.lerp(0, 1, -math.sin(q.modified_distance_moved*53.75+20)*1.5)"]
				},
				"head": {
					"rotation": ["math.cos(q.anim_time*180)*2", 0, "math.sin(q.anim_time*180)*2"],
					"position": [0, "-0.5+math.sin(q.anim_time*180)*0.2", 0]
				},
				"leg0": {
					"rotation": [0, -10, 0]
				},
				"leg1": {
					"rotation": [0, 10, 0]
				},
				"leg2": {
					"rotation": [0, 10, 0]
				},
				"leg3": {
					"rotation": [0, -10, 0]
				}
			}
		},
		"animation.pig.float": {
			"loop": true,
			"animation_length": 1,
			"bones": {
				"root": {
					"rotation": [-10, 0, 0]
				},
				"body": {
					"rotation": ["math.cos(q.anim_time*360)*3", 0, "math.cos(q.anim_time*360)*3"],
					"position": [0, "-1+math.sin(q.anim_time*720)*0.5", 0]
				},
				"leg0": {
					"rotation": [10, 0, "3-math.sin(q.anim_time*360)*7"]
				},
				"leg1": {
					"rotation": [10, 0, "-3-math.sin(q.anim_time*360)*7"]
				},
				"leg2": {
					"rotation": [10, 0, "3+math.cos(q.anim_time*360)*7"]
				},
				"leg3": {
					"rotation": [10, 0, "-3+math.cos(q.anim_time*360)*7"]
				},
				"head": {
					"rotation": ["-math.sin(q.anim_time*720)*3", 0, "math.sin(q.anim_time*360)*3"],
					"position": [0, "-0.5+math.cos(q.anim_time*720)*0.5", 0]
				},
				"leg0_root": {
					"rotation": ["math.cos(q.anim_time*360)*35+math.min(-math.sin(q.anim_time*360)*20, 0)", 0, 0],
					"position": [0, "math.sin(q.anim_time*360)*1.5", "math.cos(q.anim_time*360)*4.3"]
				},
				"leg1_root": {
					"rotation": ["-math.cos(q.anim_time*360)*35+math.min(math.sin(q.anim_time*360)*20, 0)", 0, 0],
					"position": [0, "-math.sin(q.anim_time*360)*1.5", "-math.cos(q.anim_time*360)*4.3"]
				},
				"leg2_root": {
					"rotation": ["math.sin(q.anim_time*360)*35+math.max(-math.cos(q.anim_time*360)*30, 0)", 0, 0],
					"position": [0, "-math.cos(q.anim_time*360)*1.5", "math.sin(q.anim_time*360)*4.3"]
				},
				"leg3_root": {
					"rotation": ["-math.sin(q.anim_time*360)*35+math.max(math.cos(q.anim_time*360)*30, 0)", 0, 0],
					"position": [0, "math.cos(q.anim_time*360)*1.5", "-math.sin(q.anim_time*360)*4.3"]
				}
			}
		},
		"animation.pig.grunt": {
			"loop": true,
			"animation_length": 0.625,
			"anim_time_update": "q.anim_time+q.delta_time*(q.is_interested ? 1 : (q.anim_time>0.375 ? (math.random_integer(0,50)!=0 ? 0.0001 : math.random_integer(1,4)) : 1))",
			"bones": {
				"muzzle": {
					"rotation": {
						"0.0833": [0, 0, 0],
						"0.125": [-2.34, 0, 0],
						"0.1667": [-6.82, 0, 0],
						"0.2083": [-12.13, 0, 0],
						"0.25": [-15, 0, 0],
						"0.2917": [-10.68, 0, 0],
						"0.3333": [-4.92, 0, 0],
						"0.375": [0, 0, 0]
					},
					"scale": {
						"0.0833": [1, 1, 1],
						"0.125": [1, 1.25, 1.5],
						"0.1667": [1, 1.5, 2],
						"0.2083": [1, 1.436, 1.872],
						"0.25": [1, 1.3371, 1.6742],
						"0.2917": [1, 1.2206, 1.4413],
						"0.3333": [1, 1.0874, 1.1748],
						"0.375": [1, 1, 1]
					}
				}
			}
		},
		"animation.pig.run": {
			"loop": true,
			"animation_length": 0.8333,
			"anim_time_update": "q.modified_distance_moved*0.08",
			"blend_weight": "math.min((q.modified_move_speed*3)-2, (q.is_baby ? 2 : 1))",
			"bones": {
				"body": {
					"rotation": ["-math.cos(q.anim_time*430)*3", 0, 0],
					"position": [0, "-1+math.sin(q.anim_time*430)*0.7", 0]
				},
				"leg0_root": {
					"rotation": {
						"0.0": [28.2, 0, 0],
						"0.0833": [47, 0, 0],
						"0.1667": [31.46, 0, 0],
						"0.2083": [17.32, 0, 0],
						"0.2917": [-15, 0, 0],
						"0.375": [-36.01, 0, 0],
						"0.4167": [-44.3, 0, 0],
						"0.5": [-47, 0, 0],
						"0.8333": [28.2, 0, 0]
					},
					"position": {
						"0.0": [0, 0, 3.24],
						"0.0833": [0, 0, 5.4],
						"0.1667": [0, 0.78, 4.29],
						"0.2083": [0, 1.22, 3.05],
						"0.2917": [0, 2, 0],
						"0.375": [0, 1.39, -2.94],
						"0.4167": [0, 0.93, -4.29],
						"0.5": [0, 0, -5.4],
						"0.8333": [0, 0, 3.24]
					}
				},
				"leg1_root": {
					"rotation": {
						"0.0": [47, 0, 0],
						"0.0833": [31.46, 0, 0],
						"0.125": [17.32, 0, 0],
						"0.2083": [-15, 0, 0],
						"0.2917": [-36.01, 0, 0],
						"0.3333": [-44.3, 0, 0],
						"0.4167": [-47, 0, 0],
						"0.8333": [47, 0, 0]
					},
					"position": {
						"0.0": [0, 0, 5.4],
						"0.0833": [0, 0.78, 4.29],
						"0.125": [0, 1.22, 3.05],
						"0.2083": [0, 2, 0],
						"0.2917": [0, 1.39, -2.94],
						"0.3333": [0, 0.93, -4.29],
						"0.4167": [0, 0, -5.4],
						"0.8333": [0, 0, 5.4]
					}
				},
				"leg2_root": {
					"rotation": {
						"0.0": [-47, 0, 0],
						"0.4167": [47, 0, 0],
						"0.5": [51.07, 0, 0],
						"0.5417": [47.98, 0, 0],
						"0.625": [30, 0, 0],
						"0.7083": [-4.77, 0, 0],
						"0.75": [-23.35, 0, 0],
						"0.8333": [-47, 0, 0]
					},
					"position": {
						"0.0": [0, 0, -5.4],
						"0.4167": [0, 0, 5.4],
						"0.5": [0, 0.85, 4.41],
						"0.5417": [0, 1.33, 3.23],
						"0.625": [0, 2, 0],
						"0.7083": [0, 1.3, -2.78],
						"0.75": [0, 0.86, -4.16],
						"0.8333": [0, 0, -5.4]
					}
				},
				"leg3_root": {
					"rotation": {
						"0.0": [-23.35, 0, 0],
						"0.0833": [-47, 0, 0],
						"0.5": [47, 0, 0],
						"0.5833": [51.07, 0, 0],
						"0.625": [47.98, 0, 0],
						"0.7083": [30, 0, 0],
						"0.7917": [-4.77, 0, 0],
						"0.8333": [-23.35, 0, 0]
					},
					"position": {
						"0.0": [0, 0.86, -4.16],
						"0.0833": [0, 0, -5.4],
						"0.5": [0, 0, 5.4],
						"0.5833": [0, 0.85, 4.41],
						"0.625": [0, 1.33, 3.23],
						"0.7083": [0, 2, 0],
						"0.7917": [0, 1.3, -2.78],
						"0.8333": [0, 0.86, -4.16]
					}
				},
				"head": {
					"rotation": ["math.sin(q.anim_time*430)*3", 0, 0],
					"position": [0, "-0.5+math.cos(q.anim_time*430)*0.6", 0]
				},
				"all": {
					"rotation": [0, 0, "-math.sin(825)*q.yaw_speed/17"]
				}
			}
		},
		"animation.pig.walk": {
			"loop": true,
			"animation_length": 0.8333,
			"anim_time_update": "q.modified_distance_moved*0.08",
			"blend_weight": "math.min(q.modified_move_speed*2.5, (q.is_baby ? 2 : 1))",
			"bones": {
				"leg0_root": {
					"rotation": {
						"0.0": [45, 0, 0],
						"0.0833": [30.36, 0, 0],
						"0.125": [16.94, 0, 0],
						"0.2083": [-15, 0, 0],
						"0.2917": [-32.9, 0, 0],
						"0.3333": [-41.14, 0, 0],
						"0.4167": [-45, 0, 0],
						"0.8333": [45, 0, 0]
					},
					"position": {
						"0.0": [0, 0, 5],
						"0.0833": [0, 0.85, 4.08],
						"0.125": [0, 1.33, 2.99],
						"0.2083": [0, 2, 0],
						"0.2917": [0, 1.3, -2.58],
						"0.3333": [0, 0.86, -3.86],
						"0.4167": [0, 0, -5],
						"0.8333": [0, 0, 5]
					}
				},
				"body": {
					"rotation": [0, 0, "-math.sin(q.anim_time*430-40)*3"],
					"position": [0, "-1+math.sin(q.anim_time*430*2-40)", 0]
				},
				"leg1_root": {
					"rotation": {
						"0.0": [-45, 0, 0],
						"0.4167": [45, 0, 0],
						"0.5": [30.37, 0, 0],
						"0.5417": [16.95, 0, 0],
						"0.625": [-15, 0, 0],
						"0.7083": [-32.9, 0, 0],
						"0.75": [-41.15, 0, 0],
						"0.8333": [-45, 0, 0]
					},
					"position": {
						"0.0": [0, 0, -5],
						"0.4167": [0, 0, 5],
						"0.5": [0, 0.85, 4.08],
						"0.5417": [0, 1.33, 2.99],
						"0.625": [0, 2, 0],
						"0.7083": [0, 1.3, -2.58],
						"0.75": [0, 0.86, -3.86],
						"0.8333": [0, 0, -5]
					}
				},
				"leg2_root": {
					"rotation": {
						"0.0": [0, 0, 0],
						"0.2083": [45, 0, 0],
						"0.2917": [47.45, 0, 0],
						"0.3333": [43.7, 0, 0],
						"0.4167": [30, 0, 0],
						"0.5": [-3.61, 0, 0],
						"0.5417": [-21.7, 0, 0],
						"0.625": [-45, 0, 0],
						"0.8333": [0, 0, 0]
					},
					"position": {
						"0.0": [0, 0, 0],
						"0.2083": [0, 0, 5],
						"0.2917": [0, 0.78, 3.97],
						"0.3333": [0, 1.22, 2.82],
						"0.4167": [0, 2, 0],
						"0.5": [0, 1.39, -2.72],
						"0.5417": [0, 0.93, -3.97],
						"0.625": [0, 0, -5],
						"0.8333": [0, 0, 0]
					}
				},
				"leg3_root": {
					"rotation": {
						"0.0": [30, 0, 0],
						"0.0833": [-3.61, 0, 0],
						"0.125": [-21.7, 0, 0],
						"0.2083": [-45, 0, 0],
						"0.625": [45, 0, 0],
						"0.7083": [47.45, 0, 0],
						"0.75": [43.7, 0, 0],
						"0.8333": [30, 0, 0]
					},
					"position": {
						"0.0": [0, 2, 0],
						"0.0833": [0, 1.39, -2.72],
						"0.125": [0, 0.93, -3.97],
						"0.2083": [0, 0, -5],
						"0.625": [0, 0, 5],
						"0.7083": [0, 0.78, 3.97],
						"0.75": [0, 1.22, 2.82],
						"0.8333": [0, 2, 0]
					}
				},
				"head": {
					"rotation": ["math.sin(q.anim_time*430*2-40)*3", 0, "-math.cos(q.anim_time*430-40)*2"],
					"position": [0, "-0.5-math.cos(q.anim_time*430*2-40)*0.5", 0]
				}
			}
		}
	}
}