{
	"format_version": "1.8.0",
	"animations": {
		"animation.ravager.walk": {
			"loop": true,
			"animation_length": 0.8333,
			"anim_time_update": "q.modified_distance_moved*0.09",
			"blend_weight": "math.min(q.modified_move_speed*3.7, 1)",
			"bones": {
				"leg0_root": {
					"rotation": {
						"0.0": [17.5, 0, 0],
						"0.0833": [10.04, 0, 0],
						"0.125": [3.83, 0, 0],
						"0.2083": [-10, 0, 0],
						"0.2917": [-15.38, 0, 0],
						"0.3333": [-17.61, 0, 0],
						"0.4167": [-17.5, 0, 0],
						"0.8333": [17.5, 0, 0]
					},
					"position": {
						"0.0": [0, 0, 10],
						"0.0833": [0, 1.7, 8.16],
						"0.125": [0, 2.66, 5.98],
						"0.2083": [0, 4, 0],
						"0.2917": [0, 2.59, -5.15],
						"0.3333": [0, 1.72, -7.71],
						"0.4167": [0, 0, -10],
						"0.8333": [0, 0, 10]
					}
				},
				"body": {
					"rotation": [0, 0, "-math.sin(q.anim_time*430-40)*3"],
					"position": [0, "-0.5+math.sin(q.anim_time*430*2)*0.5", 0]
				},
				"leg1_root": {
					"rotation": {
						"0.0": [-17.5, 0, 0],
						"0.4167": [17.5, 0, 0],
						"0.5": [10.04, 0, 0],
						"0.5417": [3.83, 0, 0],
						"0.625": [-10, 0, 0],
						"0.7083": [-15.38, 0, 0],
						"0.75": [-17.61, 0, 0],
						"0.8333": [-17.5, 0, 0]
					},
					"position": {
						"0.0": [0, 0, -10],
						"0.4167": [0, 0, 10],
						"0.5": [0, 1.7, 8.16],
						"0.5417": [0, 2.66, 5.98],
						"0.625": [0, 4, 0],
						"0.7083": [0, 2.59, -5.15],
						"0.75": [0, 1.72, -7.71],
						"0.8333": [0, 0, -10]
					}
				},
				"leg2_root": {
					"rotation": {
						"0.0": [0, 0, 0],
						"0.2083": [17.5, 0, 0],
						"0.2917": [17.26, 0, 0],
						"0.3333": [16.11, 0, 0],
						"0.4167": [10, 0, 0],
						"0.5": [-1.62, 0, 0],
						"0.5417": [-7.83, 0, 0],
						"0.625": [-17.5, 0, 0],
						"0.8333": [0, 0, 0]
					},
					"position": {
						"0.0": [0, 0, 0],
						"0.2083": [0, 0, 10],
						"0.2917": [0, 1.7, 7.44],
						"0.3333": [0, 2.66, 5.42],
						"0.4167": [0, 4, 0],
						"0.5": [0, 2.59, -4.63],
						"0.5417": [0, 1.72, -6.93],
						"0.625": [0, 0, -10],
						"0.8333": [0, 0, 0]
					}
				},
				"leg3_root": {
					"rotation": {
						"0.0": [10, 0, 0],
						"0.0833": [-1.62, 0, 0],
						"0.125": [-7.83, 0, 0],
						"0.2083": [-17.5, 0, 0],
						"0.625": [17.5, 0, 0],
						"0.7083": [17.26, 0, 0],
						"0.75": [16.11, 0, 0],
						"0.8333": [10, 0, 0]
					},
					"position": {
						"0.0": [0, 4, 0],
						"0.0833": [0, 2.59, -4.63],
						"0.125": [0, 1.72, -6.93],
						"0.2083": [0, 0, -10],
						"0.625": [0, 0, 10],
						"0.7083": [0, 1.7, 7.44],
						"0.75": [0, 2.66, 5.42],
						"0.8333": [0, 4, 0]
					}
				},
				"head": {
					"rotation": ["math.sin(q.anim_time*430*2)*2", 0, "-math.cos(q.anim_time*430-40)*2"],
					"position": [0, "-0.5-math.cos(q.anim_time*430*2)*0.3", 0]
				},
				"nose": {
					"rotation": ["-math.cos(q.anim_time*430*2)*2", 0, "-math.sin(q.anim_time*430-40)*2"]
				}
			}
		},
		"animation.ravager.blink": {
			"loop": true,
			"animation_length": 0.75,
			"anim_time_update": "q.anim_time+q.delta_time*(q.anim_time>0.44 ? (math.random_integer(0,50)!=0 ? 0.0001 : math.random_integer(1,8)) : 1)",
			"bones": {
				"eyelids": {
					"position": {
						"0.1667": [0, 0, 0],
						"0.2292": [0, -1, 0],
						"0.3333": [0, -1, 0],
						"0.4375": [0, 0, 0]
					}
				},
				"eyebrow": {
					"position": {
						"0.1667": [0, 0, 0],
						"0.2292": [0, -0.5, 0],
						"0.3333": [0, -0.5, 0],
						"0.4375": [0, 0, 0]
					}
				}
			}
		},
		"animation.ravager.look_at": {
			"loop": true,
			"bones": {
				"head": {
					"relative_to": {
						"rotation": "entity"
					},
					"rotation": ["q.target_x_rotation/2", "math.clamp(q.target_y_rotation/1.5, -40, 40)", 0],
					"scale": "q.is_baby ? 1.35 : 1"
				},
				"pupil_right_up": {
					"scale": [1, "math.clamp(1-q.target_x_rotation/150+v.eye_random1, 0.7, 1)", 1]
				},
				"pupil_left_up": {
					"scale": [1, "math.clamp(1-q.target_x_rotation/150+v.eye_random1, 0.7, 1)", 1]
				},
				"nose": {
					"rotation": ["-q.target_x_rotation/5", 0, 0]
				},
				"eyelids": {
					"position": [0, "(math.abs(q.target_y_rotation)/375)+math.clamp(-q.target_x_rotation/150, -0.3, 0.3)", 0]
				},
				"eyebrow": {
					"rotation": [0, 0, "q.target_y_rotation/17.5"],
					"position": [0, "math.abs(q.target_y_rotation/110)+math.clamp(-q.target_x_rotation/150, -0.6, 0.6)", 0]
				},
				"pupil_left": {
					"position": ["math.clamp(-(q.target_y_rotation/42)+v.eye_random2, 0, 2)", "math.clamp(-(q.target_x_rotation/120)+v.eye_random1, -0.3, 0.5)", 0]
				},
				"pupil_left_in": {
					"scale": ["math.clamp(1-(q.target_y_rotation/42)+v.eye_random2, 0.7, 1)", 1, 1]
				},
				"pupil_right": {
					"position": ["math.clamp(-(q.target_y_rotation/42)+v.eye_random2, -2, 0)", "math.clamp(-(q.target_x_rotation/120)+v.eye_random1, -0.3, 0.5)", 0]
				},
				"pupil_right_in": {
					"scale": ["math.clamp(1+(q.target_y_rotation/42)-v.eye_random2, 0.7, 1)", 1, 1]
				}
			}
		},
		"animation.ravager.run": {
			"loop": true,
			"animation_length": 0.8333,
			"anim_time_update": "q.modified_distance_moved*0.07",
			"blend_weight": "math.min((q.modified_move_speed*6)-2, (q.is_baby ? 2 : 1))",
			"bones": {
				"body": {
					"rotation": ["-math.cos(q.anim_time*430)*5", 0, 0],
					"position": [0, "-1+math.sin(q.anim_time*430)", 0]
				},
				"leg0_root": {
					"rotation": {
						"0.0": [10.5, 0, 0],
						"0.0833": [17.5, 0, 0],
						"0.1667": [10.04, 0, 0],
						"0.2083": [3.83, 0, 0],
						"0.2917": [-10, 0, 0],
						"0.375": [-15.38, 0, 0],
						"0.4167": [-17.61, 0, 0],
						"0.5": [-17.5, 0, 0],
						"0.8333": [10.5, 0, 0]
					},
					"position": {
						"0.0": [0, 0, 6],
						"0.0833": [0, 0, 10],
						"0.1667": [0, 1.7, 8.16],
						"0.2083": [0, 2.66, 5.98],
						"0.2917": [0, 4, 0],
						"0.375": [0, 2.59, -5.15],
						"0.4167": [0, 1.72, -7.71],
						"0.5": [0, 0, -10],
						"0.8333": [0, 0, 6]
					}
				},
				"leg1_root": {
					"rotation": {
						"0.0": [17.5, 0, 0],
						"0.0833": [10.04, 0, 0],
						"0.125": [3.83, 0, 0],
						"0.2083": [-10, 0, 0],
						"0.2917": [-15.38, 0, 0],
						"0.3333": [-17.61, 0, 0],
						"0.4167": [-17.5, 0, 0],
						"0.8333": [17.5, 0, 0]
					},
					"position": {
						"0.0": [0, 0, 10],
						"0.0833": [0, 1.7, 8.16],
						"0.125": [0, 2.66, 5.98],
						"0.2083": [0, 4, 0],
						"0.2917": [0, 2.59, -5.15],
						"0.3333": [0, 1.72, -7.71],
						"0.4167": [0, 0, -10],
						"0.8333": [0, 0, 10]
					}
				},
				"leg2_root": {
					"rotation": {
						"0.0": [-17.5, 0, 0],
						"0.4167": [17.5, 0, 0],
						"0.5": [18.52, 0, 0],
						"0.5417": [17.09, 0, 0],
						"0.625": [10, 0, 0],
						"0.7083": [-2.53, 0, 0],
						"0.75": [-9.19, 0, 0],
						"0.8333": [-17.5, 0, 0]
					},
					"position": {
						"0.0": [0, 0, -10],
						"0.4167": [0, 0, 10],
						"0.5": [0, 1.7, 8.16],
						"0.5417": [0, 2.66, 5.98],
						"0.625": [0, 4, 0],
						"0.7083": [0, 2.59, -5.15],
						"0.75": [0, 1.72, -7.71],
						"0.8333": [0, 0, -10]
					}
				},
				"leg3_root": {
					"rotation": {
						"0.0": [-9.19, 0, 0],
						"0.0833": [-17.5, 0, 0],
						"0.5": [17.5, 0, 0],
						"0.5833": [18.52, 0, 0],
						"0.625": [17.09, 0, 0],
						"0.7083": [10, 0, 0],
						"0.7917": [-2.53, 0, 0],
						"0.8333": [-9.19, 0, 0]
					},
					"position": {
						"0.0": [0, 1.72, -7.71],
						"0.0833": [0, 0, -10],
						"0.5": [0, 0, 10],
						"0.5833": [0, 1.7, 8.16],
						"0.625": [0, 2.66, 5.98],
						"0.7083": [0, 4, 0],
						"0.7917": [0, 2.59, -5.15],
						"0.8333": [0, 1.72, -7.71]
					}
				},
				"head": {
					"rotation": ["math.sin(q.anim_time*430)*3", 0, 0],
					"position": [0, "-0.5+math.cos(q.anim_time*430)", 0]
				},
				"all": {
					"rotation": [0, 0, "-math.sin(825)*q.yaw_speed/23"]
				},
				"nose": {
					"rotation": ["-math.cos(q.anim_time*430)*6", 0, 0]
				}
			}
		},
		"animation.ravager.idle": {
			"loop": true,
			"blend_weight": "-(q.modified_move_speed*5)+1",
			"bones": {
				"body": {
					"rotation": [0, 0, "-math.sin(q.anim_time*180)"],
					"position": [0, "-0.5+math.cos(q.anim_time*180)*0.2", 0]
				},
				"leg0_root": {
					"rotation": ["math.lerp(0, 1, math.cos(q.modified_distance_moved*53.75)*4)", 0, 0],
					"position": [0, 0, "math.lerp(0, 1, math.cos(q.modified_distance_moved*53.75)*2)"]
				},
				"leg1_root": {
					"rotation": ["math.lerp(0, 1, -math.cos(q.modified_distance_moved*53.75)*4)", 0, 0],
					"position": [0, 0, "math.lerp(0, 1, -math.cos(q.modified_distance_moved*53.75)*2)"]
				},
				"leg2_root": {
					"rotation": ["math.lerp(0, 1, math.sin(q.modified_distance_moved*53.75)*4)", 0, 0],
					"position": [0, 0, "math.lerp(0, 1, math.sin(q.modified_distance_moved*53.75)*2)"]
				},
				"leg3_root": {
					"rotation": ["math.lerp(0, 1, -math.sin(q.modified_distance_moved*53.75)*4)", 0, 0],
					"position": [0, 0, "math.lerp(0, 1, -math.sin(q.modified_distance_moved*53.75)*2)"]
				},
				"head": {
					"rotation": ["math.cos(q.anim_time*180)*2", 0, "math.sin(q.anim_time*180)*2"],
					"position": [0, "-0.5+math.sin(q.anim_time*180)*0.2", 0]
				},
				"leg0": {
					"rotation": [0, -10, 2]
				},
				"leg1": {
					"rotation": [0, 10, -2]
				},
				"leg2": {
					"rotation": [0, 10, 2]
				},
				"leg3": {
					"rotation": [0, -10, -2]
				}
			}
		},
		"animation.ravager.roar": {
			"loop": "hold_on_last_frame",
			"animation_length": 1.25,
			"override_previous_animation": true,
			"bones": {
				"neck": {
					"rotation": {
						"0.0": [0, 0, 0],
						"0.0417": [2.78, 0, 0],
						"0.0833": [6.25, 0, 0],
						"0.125": [7.5, 0, 0],
						"0.1667": [3.33, 0, 0],
						"0.2083": [-2.03, 0, 0],
						"0.25": [-7.5, 0, 0],
						"0.4167": [-8.74, 0, 0],
						"0.5833": [-9.74, 0, 0],
						"0.75": [-10.85, 0, 0],
						"0.9167": [-12.05, 0, 0],
						"0.9583": [-12.35, 0, 0],
						"1.0": [-12.5, 0, 0],
						"1.0417": [-13.29, 0, 0],
						"1.0833": [-12.5, 0, 0],
						"1.125": [-9.91, 0, 0],
						"1.1667": [-6.39, 0, 0],
						"1.2083": [-2.84, 0, 0],
						"1.25": [0, 0, 0]
					},
					"position": {
						"0.0": [0, 0, 0],
						"0.0417": [0, 0, -1.83],
						"0.0833": [0, 0, -4.09],
						"0.125": [0, 0, -6.69],
						"0.1667": [0, 0, -9],
						"0.3333": [0, 0, -9.28],
						"0.5": [0, 0, -9.44],
						"0.6667": [0, 0, -9.63],
						"0.8333": [0, 0, -9.87],
						"1.0417": [0, 0, -9],
						"1.0833": [0, 0, -7.11],
						"1.125": [0, 0, -4.58],
						"1.1667": [0, 0, -2.04],
						"1.2083": [0, 0, 0]
					}
				},
				"head": {
					"rotation": {
						"0.0": [0, 0, 0],
						"0.1667": [0, 0, 7.5],
						"0.25": [0, 0, 4.63],
						"0.3333": [0, 0, -0.28],
						"0.4167": [0, 0, -5.12],
						"0.5": [0, 0, -7.5],
						"0.5833": [0, 0, -4.44],
						"0.6667": [0, 0, 0.11],
						"0.75": [0, 0, 4.63],
						"0.8333": [0, 0, 7.5],
						"0.875": [0, 0, 6.54],
						"0.9167": [0, 0, 4.97],
						"0.9583": [0, 0, 3.12],
						"1.0": [0, 0, 1.31],
						"1.0417": [0, 0, 0]
					}
				},
				"nose": {
					"rotation": {
						"0.0": [0, 0, 0],
						"0.0417": [11.88, 0, 0],
						"0.0833": [20, 0, 0],
						"0.125": [15.72, 0, 0],
						"0.1667": [8.32, 0, 0],
						"0.2083": [0.63, 0, 0],
						"0.25": [-5.93, 0, 0],
						"0.2917": [-10, 0, 0],
						"0.3333": [-7.24, 0, 0],
						"0.375": [-2.93, 0, 0],
						"0.4167": [1.48, 0, 0],
						"0.4583": [5, 0, 0],
						"1.0": [5, 0, 0],
						"1.0417": [-2.31, 0, 0],
						"1.0833": [-11.46, 0, 0],
						"1.125": [-17.5, 0, 0],
						"1.1667": [-12.76, 0, 0],
						"1.2083": [-6.08, 0, 0],
						"1.25": [0, 0, 0]
					}
				},
				"mouth": {
					"rotation": {
						"0.0": [0, 0, 0],
						"0.0417": [12.19, 0, 0],
						"0.0833": [29.15, 0, 0],
						"0.125": [46.29, 0, 0],
						"0.1667": [60, 0, 0],
						"0.3333": [61.74, 0, 0],
						"0.5": [62.8, 0, 0],
						"0.6667": [64.1, 0, 0],
						"0.8333": [65.72, 0, 0],
						"1.0417": [60, 0, 0],
						"1.0833": [47.41, 0, 0],
						"1.125": [32.43, 0, 0],
						"1.1667": [15.28, 0, 0],
						"1.2083": [0, 0, 0]
					}
				}
			}
		},
		"animation.ravager.bite": {
			"loop": "hold_on_last_frame",
			"animation_length": 0.4583,
			"override_previous_animation": true,
			"bones": {
				"neck": {
					"rotation": {
						"0.0": [0, 0, 0],
						"0.0417": [5, 0, 0],
						"0.0833": [7.5, 0, 0],
						"0.125": [1.76, 0, 0],
						"0.1667": [-5.73, 0, 0],
						"0.2083": [-12.5, 0, 0],
						"0.25": [-13.7, 0, 0],
						"0.2917": [-12.5, 0, 0],
						"0.3333": [-9.88, 0, 0],
						"0.375": [-6.76, 0, 0],
						"0.4167": [-3.18, 0, 0],
						"0.4583": [0, 0, 0]
					},
					"position": {
						"0.0": [0, 0, 0],
						"0.0417": [0, 0, -2.96],
						"0.0833": [0, 0, -6.27],
						"0.125": [0, 0, -9],
						"0.1667": [0, 0, -9.84],
						"0.2083": [0, 0, -9.49],
						"0.25": [0, 0, -9],
						"0.2917": [0, 0, -6.94],
						"0.3333": [0, 0, -4.37],
						"0.375": [0, 0, -1.83],
						"0.4167": [0, 0, 0]
					}
				},
				"nose": {
					"rotation": {
						"0.0417": [0, 0, 0],
						"0.0833": [12.19, 0, 0],
						"0.125": [20, 0, 0],
						"0.1667": [10.21, 0, 0],
						"0.2083": [-3.01, 0, 0],
						"0.25": [-15, 0, 0],
						"0.2917": [-16.44, 0, 0],
						"0.3333": [-16.75, 0, 0],
						"0.375": [-15, 0, 0],
						"0.4167": [-7.39, 0, 0],
						"0.4583": [0, 0, 0]
					}
				},
				"mouth": {
					"rotation": {
						"0.0": [0, 0, 0],
						"0.0417": [46.41, 0, 0],
						"0.0833": [90, 0, 0],
						"0.125": [89.32, 0, 0],
						"0.1667": [83.45, 0, 0],
						"0.2083": [76.54, 0, 0],
						"0.25": [67.5, 0, 0],
						"0.2917": [32.34, 0, 0],
						"0.3333": [0, 0, 0]
					}
				}
			}
		},
		"animation.ravager.stunned": {
			"loop": true,
			"override_previous_animation": true,
			"bones": {
				"neck": {
					"rotation": [10, "math.sin(q.anim_time*360)*5", 0],
					"position": [0, 0, -3]
				},
				"head": {
					"rotation": [0, "-math.cos(q.anim_time*360)*5", 0]
				},
				"nose": {
					"rotation": [-7.5, 0, "-math.sin(q.anim_time*360+40)*4"]
				},
				"mouth": {
					"rotation": [15, 0, 0]
				},
				"eyebrow": {
					"position": [0, "-0.5+math.sin(q.anim_time*180)*0.2", 0]
				},
				"eyelids": {
					"position": [0, -1, 0]
				}
			}
		}
	}
}