{
	"format_version": "1.8.0",
	"animations": {
		"animation.sheep.grazing": {
			"loop": "hold_on_last_frame",
			"animation_length": 2.25,
			"bones": {
				"body": {
					"rotation": {
						"0.0": {
							"post": [0, 0, 0],
							"lerp_mode": "catmullrom"
						},
						"0.3333": {
							"post": [20, 0, 0],
							"lerp_mode": "catmullrom"
						},
						"1.75": {
							"post": [20, 0, 0],
							"lerp_mode": "catmullrom"
						},
						"2.0": {
							"post": [0, 0, 0],
							"lerp_mode": "catmullrom"
						}
					},
					"position": {
						"0.0": {
							"post": [0, 0, 0],
							"lerp_mode": "catmullrom"
						},
						"0.3333": {
							"post": [0, -1, 0],
							"lerp_mode": "catmullrom"
						},
						"1.75": {
							"post": [0, -1, 0],
							"lerp_mode": "catmullrom"
						},
						"2.0": {
							"post": [0, 0, 0],
							"lerp_mode": "catmullrom"
						}
					}
				},
				"leg2": {
					"rotation": {
						"0.0": [0, 0, 0],
						"0.0833": [-2.95, 2.95, 2.36],
						"0.1667": [-7.21, 7.21, 5.77],
						"0.25": [-11.54, 11.54, 9.23],
						"0.3333": ["-15-this", "15-this", "12-this"],
						"1.7917": ["-15-this", "15-this", "12-this"],
						"1.875": [-9.07, 9.07, 7.25],
						"1.9167": [-5.12, 5.12, 4.1],
						"1.9583": [-1.42, 1.42, 1.14],
						"2.0": [0, 0, 0]
					},
					"position": {
						"0.0833": [0, 0, 0],
						"0.125": [0, 0.38, 0],
						"0.1667": [0, 0.76, 0],
						"0.2083": [0, 1, 0],
						"0.25": [0, 0.42, 0],
						"0.2917": [0, -0.37, 0],
						"0.3333": [0, -1, 0],
						"1.7917": [0, -1, 0],
						"1.8333": [0, -0.86, 0],
						"1.875": [0, -0.67, 0],
						"1.9167": [0, -0.46, 0],
						"1.9583": [0, -0.24, 0],
						"2.0": [0, 0, 0]
					}
				},
				"leg3": {
					"rotation": {
						"0.125": [0, 0, 0],
						"0.2083": [-2.92, -2.92, -2.34],
						"0.2917": [-7.19, -7.19, -5.75],
						"0.375": [-11.53, -11.53, -9.22],
						"0.4583": ["-15-this", "-15-this", "-12-this"],
						"1.9167": ["-15-this", "-15-this", "-12-this"],
						"2.0": [-9.42, -9.42, -7.53],
						"2.0417": [-5.85, -5.85, -4.67],
						"2.0833": [-1.76, -1.76, -1.41],
						"2.125": [0, 0, 0]
					},
					"position": {
						"0.2083": [0, 0, 0],
						"0.25": [0, 0.39, 0],
						"0.2917": [0, 0.84, 0],
						"0.3333": [0, 1, 0],
						"0.375": [0, 0.42, 0],
						"0.4167": [0, -0.33, 0],
						"0.4583": [0, -1, 0],
						"1.9167": [0, -1, 0],
						"1.9583": [0, -0.86, 0],
						"2.0": [0, -0.7, 0],
						"2.0417": [0, -0.52, 0],
						"2.0833": [0, -0.31, 0],
						"2.125": [0, 0, 0]
					}
				},
				"head": {
					"rotation": {
						"0.0": [0, 0, 0],
						"0.0833": [6.6, 0, 0],
						"0.1667": [22.78, 0, 0],
						"0.25": [42.17, 0, 0],
						"0.3333": [61.26, 0, 0],
						"0.4167": ["(75+math.sin(q.anim_time*720+0.4167)*15)-this", 0, 0],
						"1.8333": ["(75+math.sin(q.anim_time*720+0.4167)*15)-this", 0, 0],
						"1.9167": [56.66, 0, 0],
						"2.0417": [19.95, 0, 0],
						"2.125": [0, 0, 0]
					},
					"position": {
						"0.0": [0, 0, 0],
						"0.0833": [0, -0.88, -0.18],
						"0.1667": [0, -3.04, -0.61],
						"0.25": [0, -5.63, -1.12],
						"0.3333": [0, -8.17, -1.63],
						"0.4167": [0, "-10-math.sin(q.anim_time*720+40.4167)*0.5-this", -2],
						"1.8333": [0, "-10-math.sin(q.anim_time*720+40.4167)*0.5", -2],
						"1.9167": [0, -7.55, -1.51],
						"2.0417": [0, -2.66, -0.53],
						"2.125": [0, 0, 0]
					}
				}
			}
		},
		"animation.sheep.wet_wool": {
			"loop": true,
			"bones": {
				"wool0": {
					"scale": [0.8, 0.95, 0.8]
				},
				"wool1": {
					"scale": [0.9, 1, 0.9]
				},
				"wool2": {
					"scale": [0.9, 1, 0.9]
				},
				"wool3": {
					"scale": [0.9, 1, 0.9]
				},
				"wool4": {
					"scale": [0.9, 1, 0.9]
				},
				"wool5": {
					"scale": 0.9
				}
			}
		},
		"animation.sheep.dry_wool": {
			"loop": "hold_on_last_frame",
			"animation_length": 3.125,
			"bones": {
				"wool0": {
					"scale": {
						"0.0": [0.8, 0.95, 0.8],
						"2.25": [0.85, 0.95, 0.85],
						"2.2917": [1.15, 1.15, 1.15],
						"3.0": [1, 1, 1]
					}
				},
				"wool1": {
					"scale": {
						"0.0": [0.9, 1, 0.9],
						"2.3333": [0.95, 1, 0.95],
						"2.375": [1.25, 1.25, 1.25],
						"3.0833": [1, 1, 1]
					}
				},
				"wool2": {
					"scale": {
						"0.0": [0.9, 1, 0.9],
						"2.3333": [0.95, 1, 0.95],
						"2.375": [1.25, 1.25, 1.25],
						"3.0833": [1, 1, 1]
					}
				},
				"wool3": {
					"scale": {
						"0.0": [0.9, 1, 0.9],
						"2.3333": [0.95, 1, 0.95],
						"2.375": [1.25, 1.25, 1.25],
						"3.0833": [1, 1, 1]
					}
				},
				"wool4": {
					"scale": {
						"0.0": [0.9, 1, 0.9],
						"2.3333": [0.95, 1, 0.95],
						"2.375": [1.25, 1.25, 1.25],
						"3.0833": [1, 1, 1]
					}
				},
				"wool5": {
					"scale": {
						"0.0": [0.9, 0.9, 0.9],
						"2.375": [0.95, 1, 0.95],
						"2.4167": [1.25, 1.25, 1.25],
						"3.125": [1, 1, 1]
					}
				}
			}
		}
	}
}