{
	"format_version": "1.8.0",
	"animations": {
		"animation.vindicator.look_at": {
			"loop": true,
			"bones": {
				"head": {
					"relative_to": {
						"rotation": "entity"
					},
					"rotation": ["q.target_x_rotation/2", "math.clamp(q.target_y_rotation/1.5, -40, 40)", 0],
					"scale": "q.is_baby ? 1.35 : 1"
				},
				"pupil_right": {
					"position": ["math.clamp(-(q.target_y_rotation/75)+v.eye_random2, -1, 0)", "math.clamp(-(q.target_x_rotation/150)+v.eye_random1, -0.3, 0.5)", 0]
				},
				"pupil_left": {
					"position": ["math.clamp(-(q.target_y_rotation/75)+v.eye_random2, 0, 1)", "math.clamp(-(q.target_x_rotation/150)+v.eye_random1, -0.3, 0.5)", 0]
				},
				"pupil_right_up": {
					"scale": [1, "math.clamp(1-q.target_x_rotation/150+v.eye_random1, 0.7, 1)", 1]
				},
				"pupil_left_up": {
					"scale": [1, "math.clamp(1-q.target_x_rotation/150+v.eye_random1, 0.7, 1)", 1]
				},
				"pupil_right_in": {
					"scale": ["math.clamp(1+(q.target_y_rotation/75)-v.eye_random2, 0.7, 1)", 1, 1]
				},
				"pupil_left_in": {
					"scale": ["math.clamp(1-(q.target_y_rotation/75)+v.eye_random2, 0.7, 1)", 1, 1]
				},
				"nose": {
					"rotation": ["-q.target_x_rotation/5", 0, 0]
				},
				"eyelids": {
					"position": [0, "(math.abs(q.target_y_rotation)/375)+math.clamp(-q.target_x_rotation/150, -0.3, 0.3)", 0]
				},
				"eyebrow": {
					"position": [0, "math.abs(q.target_y_rotation/110)+math.clamp(-q.target_x_rotation/150, -0.3, 0.3)", 0]
				},
				"leftLeg": {
					"rotation": ["q.is_riding ? (-72-this) : 0", "q.is_riding ? (-18-this) : 0", "q.is_riding ? (0-this) : 0"]
				},
				"rightLeg": {
					"rotation": ["q.is_riding ? (-72-this) : 0", "q.is_riding ? (18-this) : 0", "q.is_riding ? (0-this) : 0"]
				},
				"arms": {
					"scale": "q.has_target ? 0 : 1"
				},
				"rightarm": {
					"scale": "q.has_target ? 1 : 0"
				},
				"leftarm": {
					"scale": "q.has_target ? 1 : 0"
				}
			}
		},
		"animation.vindicator.walk": {
			"loop": true,
			"animation_length": 1,
			"anim_time_update": "q.modified_distance_moved*0.09",
			"blend_weight": "math.min(q.modified_move_speed*6, 1.5)",
			"bones": {
				"leftLeg_root": {
					"rotation": {
						"0.0": [-30, 0, 0],
						"0.5": [30, 0, 0],
						"0.5833": [28.67, 0, 0],
						"0.6667": [19.5, 0, 0],
						"0.75": [6, 0, 0],
						"0.8333": [-7.89, 0, 0],
						"0.9167": [-23.56, 0, 0],
						"1.0": [-30, 0, 0]
					},
					"position": {
						"0.0": [0, 0, -6],
						"0.5": [0, 0, 6],
						"0.5833": [0, 0.67, 5.33],
						"0.6667": [0, 1.5, 3],
						"0.75": [0, 2, 0],
						"0.8333": [0, 1.44, -2.44],
						"0.9167": [0, 0.69, -5.12],
						"1.0": [0, 0, -6]
					}
				},
				"rightLeg_root": {
					"rotation": {
						"0.0": [30, 0, 0],
						"0.0833": [28.67, 0, 0],
						"0.1667": [19.5, 0, 0],
						"0.25": [6, 0, 0],
						"0.3333": [-7.89, 0, 0],
						"0.4167": [-23.56, 0, 0],
						"0.5": [-30, 0, 0],
						"1.0": [30, 0, 0]
					},
					"position": {
						"0.0": [0, 0, 6],
						"0.0833": [0, 0.67, 5.33],
						"0.1667": [0, 1.5, 3],
						"0.25": [0, 2, 0],
						"0.3333": [0, 1.44, -2.44],
						"0.4167": [0, 0.69, -5.12],
						"0.5": [0, 0, -6],
						"1.0": [0, 0, 6]
					}
				},
				"waist": {
					"position": [0, "-0.75-math.cos(q.anim_time*720)*0.75", 0]
				},
				"head": {
					"rotation": ["math.sin(q.anim_time*720)*2", 0, "math.sin(q.anim_time*360)*2"]
				},
				"nose": {
					"rotation": ["-math.cos(q.anim_time*720)*2", 0, "-math.cos(q.anim_time*360)*2"]
				},
				"arms": {
					"rotation": ["-10+math.sin(q.anim_time*720)*5", 0, 0]
				},
				"leftarm": {
					"rotation": ["math.cos(q.anim_time*360)*25", 0, -5]
				}
			}
		},
		"animation.vindicator.run": {
			"loop": true,
			"animation_length": 1,
			"anim_time_update": "q.modified_distance_moved*0.09",
			"blend_weight": "math.min(q.modified_move_speed, 1)",
			"bones": {
				"waist": {
					"rotation": [-5, "math.sin(q.anim_time*360)*10", "-math.cos(q.anim_time*360)*5"],
					"position": [0, "-1+math.sin(q.anim_time*720)", 0]
				},
				"leftLeg": {
					"rotation": {
						"0.0": [-60, 0, 0],
						"0.5": [60, 0, 0],
						"0.625": [44.86, 0, 0],
						"0.7083": [11.21, 0, 0],
						"0.7917": [-6.99, 0, 0],
						"0.875": [-43.81, 0, 0],
						"1.0": [-60, 0, 0]
					}
				},
				"leftLeg_root": {
					"rotation": ["math.max(-math.sin(q.anim_time*360)*20, 0)", 0, 0],
					"position": [0, "math.max(-math.sin(q.anim_time*360)*2, 0)", 0]
				},
				"rightLeg": {
					"rotation": {
						"0.0": [60, 0, 0],
						"0.125": [44.86, 0, 0],
						"0.2083": [11.21, 0, 0],
						"0.2917": [-6.99, 0, 0],
						"0.375": [-43.81, 0, 0],
						"0.5": [-60, 0, 0],
						"1.0": [60, 0, 0]
					}
				},
				"rightLeg_root": {
					"rotation": ["math.max(math.sin(q.anim_time*360)*20, 0)", 0, 0],
					"position": [0, "math.max(math.sin(q.anim_time*360)*2, 0)", 0]
				},
				"root": {
					"rotation": [15, 0, "-math.sin(825)*q.yaw_speed/23"]
				},
				"body": {
					"rotation": [5, 0, 0]
				},
				"head": {
					"relative_to": {
						"rotation": "entity"
					},
					"rotation": [0, "math.sin(q.anim_time*360)*4", "-math.sin(q.anim_time*360)*4"]
				},
				"nose": {
					"rotation": ["math.cos(q.anim_time*720)*10", 0, "math.sin(q.anim_time*360)*7"]
				},
				"arms": {
					"relative_to": {
						"rotation": "entity"
					},
					"rotation": ["-40+math.cos(q.anim_time*720)*10", "-math.cos(q.anim_time*360)*6", 0],
					"position": [0, "math.cos(q.anim_time*720+40)*0.3", -1]
				},
				"leftarm": {
					"relative_to": {
						"rotation": "entity"
					},
					"rotation": ["10+math.cos(q.anim_time*360)*60", 0, -5]
				}
			}
		},
		"animation.vindicator.raise_axe": {
			"loop": "hold_on_last_frame",
			"animation_length": 0.5833,
			"bones": {
				"waist": {
					"rotation": {
						"0.0": [0, 0, 0],
						"0.0417": [0, 3.7, -1.85],
						"0.0833": [0, 8.33, -4.17],
						"0.125": [0, 10, -5],
						"0.1667": [0, 5.82, -2.91],
						"0.25": [0, -6.21, 3.1],
						"0.2917": [0, -10, 5],
						"0.3333": [0, -7.32, 3.66],
						"0.375": [0, -3.49, 1.75],
						"0.4167": [0, 0, 0]
					},
					"position": {
						"0.0": [0, 0, 0],
						"0.0417": [0, -0.34, 0],
						"0.1667": [0, -1.81, 0],
						"0.2083": [0, -2, 0],
						"0.25": [0, -1.71, 0],
						"0.375": [0, -0.34, 0],
						"0.4167": [0, 0, 0]
					}
				},
				"head": {
					"rotation": {
						"0.0833": [0, 0, 0],
						"0.125": [0, 3.7, -1.85],
						"0.1667": [0, 8.33, -4.17],
						"0.2083": [0, 10, -5],
						"0.25": [0, 5.82, -2.91],
						"0.3333": [0, -6.21, 3.1],
						"0.375": [0, -10, 5],
						"0.4167": [0, -7.32, 3.66],
						"0.4583": [0, -3.49, 1.75],
						"0.5": [0, 0, 0]
					},
					"position": {
						"0.0833": [0, 0, 0],
						"0.125": [0, -0.34, 0],
						"0.25": [0, -1.81, 0],
						"0.2917": [0, -2, 0],
						"0.3333": [0, -1.71, 0],
						"0.4583": [0, -0.34, 0],
						"0.5": [0, 0, 0]
					}
				},
				"rightarm": {
					"relative_to": {
						"rotation": "entity"
					},
					"rotation": {
						"0.0833": [0, 0, 0.01],
						"0.125": [-22.8, 1.52, -3.04],
						"0.1667": [-53.74, 3.58, -7.17],
						"0.2083": [-89.57, 5.97, -11.95],
						"0.25": [-124.7, 8.31, -16.63],
						"0.2917": [-150, 10, -20]
					},
					"position": {
						"0.0": [0, 0, 0],
						"0.0417": [0, 0.45, 0],
						"0.125": [0, 1.71, 0],
						"0.1667": [0, 2, 0],
						"0.2083": [0, 1.71, 0],
						"0.25": [0, 1.3, 0],
						"0.2917": [0, 0.82, 0],
						"0.3333": [0, 0.34, 0],
						"0.375": [0, 0, 0]
					},
					"scale": 1
				},
				"leftarm": {
					"rotation": {
						"0.0": [0, 0, 0],
						"0.0417": [0, 0, 0.001],
						"0.0833": [0, 0, 0]
					},
					"scale": 1
				},
				"arms": {
					"scale": 0
				}
			}
		},
		"animation.vindicator.attack": {
			"loop": "hold_on_last_frame",
			"animation_length": 0.4583,
			"bones": {
				"waist": {
					"rotation": {
						"0.125": [0, 10, 0],
						"0.1667": [5.93, 7.04, 0],
						"0.2083": [13.34, 3.34, 0],
						"0.25": [20, 0, 0],
						"0.2917": [20.42, -0.21, 0],
						"0.3333": [20, 0, 0],
						"0.4583": [10, 0, 0]
					}
				},
				"rightarm": {
					"relative_to": {
						"rotation": "entity"
					},
					"rotation": {
						"0.0833": [-150, 10, -20],
						"0.125": [-55, 10, -7.5],
						"0.2083": [40, 10, 5],
						"0.25": [47.19, 10.63, 6.09],
						"0.2917": [40, 10, 5],
						"0.3333": [33.54, 6.99, 3.44],
						"0.375": [26.37, 3.31, 1.62],
						"0.4167": [20, 0, 0]
					},
					"position": {
						"0.0833": [0, 0, 0],
						"0.125": [0, 0, -2],
						"0.2083": [0, -1, 0],
						"0.25": [0, -0.56, 0.13],
						"0.2917": [0, 0, 0]
					},
					"scale": 1
				},
				"leftarm": {
					"rotation": [0, 0, 0],
					"scale": 1
				},
				"arms": {
					"scale": 0
				}
			}
		}
	}
}