{
	"format_version": "1.8.0",
	"animations": {
		"animation.witch.walk": {
			"loop": true,
			"animation_length": 1,
			"anim_time_update": "q.modified_distance_moved*0.16",
			"blend_weight": "math.min(q.modified_move_speed*2.2, (q.is_baby ? 2.2 : 1.2))",
			"bones": {
				"leftLeg_root": {
					"rotation": {
						"0.0": [-30, 0, 0],
						"0.5": [30, 0, 0],
						"0.5833": [26.67, 0, 0],
						"0.6667": [15, 0, 0],
						"0.75": [0, 0, 0],
						"0.8333": [-12.22, 0, 0],
						"0.9167": [-25.62, 0, 0],
						"1.0": [-30, 0, 0]
					},
					"position": {
						"0.0": [0, 0, -6],
						"0.5": [0, 0, 6],
						"0.5833": [0, 0.5, 5.33],
						"0.6667": [0, 1.13, 3],
						"0.75": [0, 1.5, 0],
						"0.8333": [0, 1.08, -2.44],
						"0.9167": [0, 0.51, -5.12],
						"1.0": [0, 0, -6]
					}
				},
				"rightLeg_root": {
					"rotation": {
						"0.0": [30, 0, 0],
						"0.0833": [26.67, 0, 0],
						"0.1667": [15, 0, 0],
						"0.25": [0, 0, 0],
						"0.3333": [-12.22, 0, 0],
						"0.4167": [-25.62, 0, 0],
						"0.5": [-30, 0, 0],
						"1.0": [30, 0, 0]
					},
					"position": {
						"0.0": [0, 0, 6],
						"0.0833": [0, 0.5, 5.33],
						"0.1667": [0, 1.13, 3],
						"0.25": [0, 1.5, 0],
						"0.3333": [0, 1.08, -2.44],
						"0.4167": [0, 0.51, -5.12],
						"0.5": [0, 0, -6],
						"1.0": [0, 0, 6]
					}
				},
				"waist": {
					"position": [0, "-0.75-math.cos(q.anim_time*720)*0.75", 0]
				},
				"arms": {
					"rotation": ["-15-math.sin(q.anim_time*720-30)*5", 0, 0],
					"position": [0, "-math.sin(q.anim_time*720+40)*0.3", 0]
				},
				"head": {
					"rotation": ["math.sin(q.anim_time*720)*2", 0, "math.sin(q.anim_time*360)*2"]
				},
				"nose": {
					"rotation": ["-math.cos(q.anim_time*720)*2", 0, "-math.cos(q.anim_time*360)*2"]
				}
			}
		},
		"animation.witch.run": {
			"loop": true,
			"animation_length": 1,
			"anim_time_update": "q.modified_distance_moved*0.08",
			"blend_weight": "q.modified_move_speed",
			"bones": {
				"waist": {
					"rotation": [-5, "-math.sin(q.anim_time*360)*10", "-math.cos(q.anim_time*360)*5"],
					"position": [0, "-1+math.sin(q.anim_time*720)", 0]
				},
				"leftLeg": {
					"rotation": {
						"0.0": [-60, 0, 0],
						"0.5": [60, 0, 0],
						"0.625": [44.86, 0, 0],
						"0.7083": [11.21, 0, 0],
						"0.7917": [-6.99, 0, 0],
						"0.875": [-43.81, 0, 0],
						"1.0": [-60, 0, 0]
					}
				},
				"leftLeg_root": {
					"rotation": ["math.max(-math.sin(q.anim_time*360)*20, 0)", 0, 0],
					"position": [0, "math.max(-math.sin(q.anim_time*360)*2, 0)", 0]
				},
				"rightLeg": {
					"rotation": {
						"0.0": [60, 0, 0],
						"0.125": [44.86, 0, 0],
						"0.2083": [11.21, 0, 0],
						"0.2917": [-6.99, 0, 0],
						"0.375": [-43.81, 0, 0],
						"0.5": [-60, 0, 0],
						"1.0": [60, 0, 0]
					}
				},
				"rightLeg_root": {
					"rotation": ["math.max(math.sin(q.anim_time*360)*20, 0)", 0, 0],
					"position": [0, "math.max(math.sin(q.anim_time*360)*2, 0)", 0]
				},
				"root": {
					"rotation": [15, 0, "-math.sin(825)*q.yaw_speed/23"]
				},
				"body": {
					"rotation": [5, 0, 0]
				},
				"arms": {
					"relative_to": {
						"rotation": "entity"
					},
					"rotation": ["-40+math.cos(q.anim_time*720)*10", "-math.cos(q.anim_time*360)*10", 0],
					"position": [0, "math.cos(q.anim_time*720+40)*0.3", -1]
				},
				"head": {
					"rotation": [-20, "-math.sin(q.anim_time*360)*4", "-math.sin(q.anim_time*360)*4"]
				},
				"nose": {
					"rotation": ["10+math.cos(q.anim_time*720)*10", 0, "math.sin(q.anim_time*360)*7"]
				}
			}
		},
		"animation.witch.throw": {
			"loop": "hold_on_last_frame",
			"animation_length": 0.5,
			"bones": {
				"waist": {
					"rotation": {
						"0.0": [0, 0, 0],
						"0.0417": [-3.7, 0, 0],
						"0.0833": [-8.33, 0, 0],
						"0.125": [-10, 0, 0],
						"0.1667": [-3.54, 0, 0],
						"0.2083": [3.9, 0, 0],
						"0.25": [10, 0, 0],
						"0.2917": [11.56, 0, 0],
						"0.3333": [10, 0, 0],
						"0.4167": [5, 0, 0],
						"0.5": [0, 0, 0]
					}
				},
				"arms": {
					"rotation": {
						"0.0": [0, 0, 0],
						"0.0417": [-30, 0, 0],
						"0.0833": [-60, 0, 0],
						"0.125": [-60, 0, 0],
						"0.1667": [-21.25, 0, 0],
						"0.2083": [17.5, 0, 0],
						"0.3333": [17.5, 0, 0],
						"0.4167": [8.75, 0, 0],
						"0.5": [0, 0, 0]
					},
					"position": {
						"0.0": [0, 0, 0],
						"0.0417": [0, 0.33, -0.62],
						"0.0833": [0, 0.75, -1.4],
						"0.125": [0, 1, -2],
						"0.1667": [0, 0, -1.13],
						"0.2083": [0, -1, 0],
						"0.2917": [0, -0.56, 0.07],
						"0.375": [0, 0, 0]
					}
				}
			}
		},
		"animation.witch.drink": {
			"loop": "hold_on_last_frame",
			"override_previous_animation": true,
			"bones": {
				"nose": {
					"rotation": ["-35-math.sin(q.anim_time*360*2.5)*5", 0, 0]
				},
				"arms": {
					"rotation": [-5, 0, 0]
				},
				"head": {
					"rotation": ["17-math.cos(q.anim_time*360*2.5)*3", 0, 0]
				}
			}
		}
	}
}